bulk_compression_ratio,deficit_hidden_1,deficit_input,deficit_output,entropy_gap,entropy_prod_global,entropy_prod_hidden_1,entropy_prod_input,entropy_prod_output,epoch,global_eff_rank,global_entropy,hidden_1_eff_rank,hidden_1_entropy,input_eff_rank,input_entropy,output_eff_rank,output_entropy,test_acc,train_acc,train_loss
0.8473189922647992,0.036183178424835205,0.012160226702690125,0.03391255438327789,0.1656780242919922,,,,,1,138.2266845703125,4.928894996643066,78.19757080078125,4.359238624572754,92.2882308959961,4.524916648864746,66.11293029785156,4.191364288330078,0.009108850766661606,0.008504606661941885,4.577684495400065
0.42123515013087975,0.1722375601530075,0.024610191583633423,0.13635529577732086,0.8645639419555664,-0.049530982971191406,-0.8480954170227051,-0.14920949935913086,-0.6308016777038574,100,131.54698181152344,4.879364013671875,33.48652648925781,3.511143207550049,79.49604034423828,4.375707149505615,35.182987213134766,3.5605626106262207,0.0003036283588887202,0.3855421686746988,2.64729524723272
0.3763362693286498,0.17738232016563416,0.015650196000933647,0.13886910676956177,0.9772722721099854,-0.008989334106445312,-0.0447847843170166,0.06792354583740234,-0.023208141326904297,200,130.36968994140625,4.87037467956543,32.019927978515625,3.4663584232330322,85.08329010009766,4.443630695343018,34.375858306884766,3.5373544692993164,0.0003036283588887202,0.7402551381998582,1.702123930148416
0.35988198556941536,0.18086819350719452,0.01319713145494461,0.1405593901872635,1.0219790935516357,-0.000606536865234375,-0.023566722869873047,0.021140098571777344,-0.01633429527282715,300,130.29071044921875,4.869768142700195,31.27414321899414,3.442791700363159,86.90110778808594,4.464770793914795,33.818912506103516,3.5210201740264893,0.0001518141794443601,0.8926293408929837,1.2748898315902808
0.35223993918936963,0.18307293951511383,0.012181760743260384,0.14121954143047333,1.043442726135254,-0.00038814544677734375,-0.013191938400268555,0.00827169418334961,-0.00870513916015625,400,130.24014282226562,4.869379997253418,30.864288330078125,3.4295997619628906,87.62290954589844,4.4730424880981445,33.52579116821289,3.512315034866333,0.0001518141794443601,0.9546420978029766,1.0527309096510067
0.3481041931039142,0.18470162153244019,0.011545764282345772,0.14164355397224426,1.055253267288208,-0.00023508071899414062,-0.008688688278198242,0.0031218528747558594,-0.0057566165924072266,500,130.20953369140625,4.869144916534424,30.597272872924805,3.4209110736846924,87.89688110351562,4.4761643409729,33.333351135253906,3.506558418273926,0.0003036283588887202,0.9844082211197732,0.9042400988934313
0.3445362016372499,0.18635301291942596,0.011266366578638554,0.14240309596061707,1.0655560493469238,-0.00013017654418945312,-0.00818324089050293,0.0021195411682128906,-0.006550788879394531,600,130.1925811767578,4.869014739990234,30.34791374206543,3.4127278327941895,88.08338165283203,4.478283882141113,33.11570358276367,3.5000076293945312,0.0001518141794443601,0.9939759036144579,0.7919671441712842
0.34116295958182397,0.18820342421531677,0.011118786409497261,0.14367564022541046,1.075395107269287,-0.000957489013671875,-0.010460853576660156,-0.000621795654296875,-0.010894298553466797,700,130.06797790527344,4.8680572509765625,30.032106399536133,3.4022669792175293,88.02862548828125,4.477662086486816,32.75688934326172,3.4891133308410645,0.0004554425383330803,0.9982282069454288,0.6907504140105677
0.33943082316346074,0.18984967470169067,0.011269396170973778,0.1451161503791809,1.0804851055145264,-0.001232147216796875,-0.009736299514770508,-0.00464630126953125,-0.012744665145874023,800,129.90782165527344,4.866825103759766,29.741121292114258,3.392530679702759,87.62056732177734,4.473015785217285,32.342063903808594,3.4763686656951904,0.0007590708972218005,0.9996456413890857,0.6120283697447314
0.3388099173694319,0.19079935550689697,0.011421237140893936,0.1461305469274521,1.0823159217834473,-0.0012416839599609375,-0.0057108402252197266,-0.003880023956298828,-0.00977015495300293,900,129.74661254882812,4.865583419799805,29.571758270263672,3.386819839477539,87.28126525878906,4.469135761260986,32.02761459350586,3.4665985107421875,0.0010626992561105207,1.0,0.5471256069474656
0.33856283132897913,0.1913183331489563,0.01146179623901844,0.14682511985301971,1.083045482635498,-0.0007276535034179688,-0.002350330352783203,-0.0016207695007324219,-0.006079196929931641,1000,129.6522216796875,4.864855766296387,29.502336502075195,3.384469509124756,87.1399154663086,4.467514991760254,31.8335018157959,3.460519313812256,0.001518141794443601,1.0,0.49302547642054245
0.3383455751513047,0.1917015165090561,0.011464979499578476,0.1474168747663498,1.0836875438690186,-0.0006809234619140625,-0.0012943744659423828,-0.000652313232421875,-0.004216194152832031,1100,129.56398010253906,4.864174842834473,29.464176177978516,3.3831751346588135,87.08308410644531,4.466862678527832,31.699569702148438,3.456303119659424,0.0018217701533323211,1.0,0.4444049037280106
0.33780897378685787,0.19220831990242004,0.011537500657141209,0.14805421233177185,1.0852746963500977,-0.0005397796630859375,-0.0022003650665283203,-0.0006132125854492188,-0.004083395004272461,1200,129.4940643310547,4.863635063171387,29.3994140625,3.380974769592285,87.02970123291016,4.466249465942383,31.570392608642578,3.4522197246551514,0.0025808410505541216,1.0,0.4016168637321318
0.3370029181449091,0.19232240319252014,0.011559234000742435,0.1487320363521576,1.0876636505126953,-0.0005741119384765625,-0.0028018951416015625,-0.00041294097900390625,-0.003740072250366211,1300,129.41973876953125,4.86306095123291,29.317155838012695,3.3781728744506836,86.9937744140625,4.465836524963379,31.45253562927246,3.448479652404785,0.0025808410505541216,1.0,0.3641271037382914
0.3357066791564501,0.19326990842819214,0.011633729562163353,0.14973829686641693,1.091517448425293,-0.0007119178771972656,-0.004733085632324219,-0.0008792877197265625,-0.005441188812255859,1400,129.32763671875,4.862349033355713,29.178722381591797,3.3734397888183594,86.91731262207031,4.464957237243652,31.281862258911133,3.4430384635925293,0.003491726127220282,1.0,0.32799831567124893
0.33489943967998237,0.19434812664985657,0.011943073943257332,0.15105894207954407,1.0939249992370605,-0.0008654594421386719,-0.005954265594482422,-0.0035467147827148438,-0.007410526275634766,1500,129.21575927734375,4.861483573913574,29.005502700805664,3.367485523223877,86.60958862304688,4.4614105224609375,31.0509033203125,3.4356279373168945,0.004554425383330803,1.0,0.29591792570539266
0.3349644898547162,0.1950160264968872,0.012594249099493027,0.1526084691286087,1.0937306880950928,-0.0007224082946777344,-0.005987882614135742,-0.006182193756103516,-0.008104801177978516,1600,129.12245178222656,4.8607611656188965,28.832338333129883,3.361497640609741,86.0758056640625,4.455228328704834,30.800260543823242,3.427523136138916,0.005465310459996963,1.0,0.26806489076705625
0.33532055681191686,0.19483810663223267,0.01325138844549656,0.1539815068244934,1.0926682949066162,-0.0011696815490722656,-0.005105495452880859,-0.006167888641357422,-0.008219242095947266,1700,128.9715118408203,4.859591484069824,28.685510635375977,3.3563921451568604,85.5465316772461,4.449060440063477,30.54814338684082,3.4193038940429688,0.006831638074996205,1.0,0.2423477105051807
0.3356500335926332,0.19548183679580688,0.013726165518164635,0.15504300594329834,1.0916862487792969,-0.0012793540954589844,-0.003729104995727539,-0.004711151123046875,-0.00731348991394043,1800,128.80661010742188,4.858312129974365,28.578739166259766,3.352663040161133,85.14445495605469,4.44434928894043,30.325544357299805,3.4119904041290283,0.008653408228328526,1.0,0.21928629077427106
0.33559097086934275,0.1960107684135437,0.013985884375870228,0.15587110817432404,1.0918622016906738,-0.0012707710266113281,-0.003081798553466797,-0.0029058456420898438,-0.0059049129486083984,1900,128.64303588867188,4.857041358947754,28.490800857543945,3.349581241607666,84.89739990234375,4.44144344329834,30.147001266479492,3.40608549118042,0.009412479125550327,1.0,0.19872912498419373
0.33527211258527395,0.19653624296188354,0.014106418937444687,0.1565670371055603,1.0928127765655518,-0.0008258819580078125,-0.0027916431427001953,-0.0018410682678222656,-0.004570960998535156,2000,128.53683471679688,4.856215476989746,28.411375045776367,3.346789598464966,84.74124145507812,4.439602375030518,30.009517669677734,3.4015145301818848,0.010626992561105207,1.0,0.1818116769712078
0.33486090217356534,0.19706928730010986,0.014187642373144627,0.15707328915596008,1.0940399169921875,-0.0004949569702148438,-0.002550363540649414,-0.0013232231140136719,-0.0032448768615722656,2100,128.47323608398438,4.855720520019531,28.339006423950195,3.3442392349243164,84.62918853759766,4.438279151916504,29.912296295166016,3.3982696533203125,0.010930620919993927,1.0,0.16563495491980493
0.33458083460673005,0.19745123386383057,0.014263154938817024,0.1574038565158844,1.094876766204834,-0.00067901611328125,-0.002163410186767578,-0.0013265609741210938,-0.0027954578399658203,2200,128.38601684570312,4.85504150390625,28.27776527404785,3.342075824737549,84.5169906616211,4.436952590942383,29.828794479370117,3.3954741954803467,0.013056019432214969,1.0,0.151619593453779
0.3342713211503265,0.19787858426570892,0.014334216713905334,0.15771397948265076,1.0958023071289062,-0.0009436607360839844,-0.00223541259765625,-0.0013098716735839844,-0.002530336380004883,2300,128.26492309570312,4.854097843170166,28.214624404907227,3.3398404121398926,84.40635681152344,4.435642719268799,29.753414154052734,3.392943859100342,0.01427053286776985,1.0,0.13858427147464833
0.33389757294854455,0.19842377305030823,0.014419210143387318,0.1581481248140335,1.0969209671020508,-0.0008082389831542969,-0.0025653839111328125,-0.0014467239379882812,-0.0025632381439208984,2400,128.1613006591797,4.853289604187012,28.142333984375,3.3372750282287598,84.28433227539062,4.4341959953308105,29.67724609375,3.390380620956421,0.014574161226658569,1.0,0.12706893373051067
0.33347337049786674,0.19910576939582825,0.014492298476397991,0.1586170196533203,1.0981922149658203,-0.0008497238159179688,-0.002911090850830078,-0.0016398429870605469,-0.0022287368774414062,2500,128.0524444580078,4.852439880371094,28.060527801513672,3.3343639373779297,84.14623260498047,4.43255615234375,29.611169815063477,3.3881518840789795,0.016851373918323972,1.0,0.11623127474419873
0.3329579490220809,0.19983965158462524,0.014565219171345234,0.15909114480018616,1.0997388362884521,-0.001369476318359375,-0.0036084651947021484,-0.0020618438720703125,-0.0024564266204833984,2600,127.87720489501953,4.851070404052734,27.959449768066406,3.3307554721832275,83.97291564941406,4.43049430847168,29.538528442382812,3.385695457458496,0.018521329892211932,1.0,0.10597354061188721
0.33210336115015965,0.20108041167259216,0.014806960709393024,0.16000407934188843,1.102308988571167,-0.0016307830810546875,-0.0060062408447265625,-0.0034360885620117188,-0.004427671432495117,2700,127.6688232421875,4.84943962097168,27.792028427124023,3.324749231338501,83.68487548828125,4.427058219909668,29.408029556274414,3.381267786026001,0.023075755275542734,1.0,0.09603927049503354
0.33123280716158876,0.20249003171920776,0.015188426710665226,0.16117922961711884,1.104933738708496,-0.0015387535095214844,-0.00748896598815918,-0.004864215850830078,-0.006523847579956055,2800,127.47252655029297,4.847900867462158,27.584671020507812,3.317260265350342,83.27880096435547,4.422194004058838,29.216800689697266,3.374743938446045,0.03203279186275998,1.0,0.08691651573171014
0.3308631402581632,0.20389091968536377,0.015745066106319427,0.16254496574401855,1.1060504913330078,-0.0010647773742675781,-0.007604122161865234,-0.006487369537353516,-0.0076825618743896484,2900,127.33686828613281,4.846836090087891,27.37571144104004,3.3096561431884766,82.74028778076172,4.415706634521484,28.993202209472656,3.3670613765716553,0.037498102322756945,1.0,0.07828016474072093
0.330552974877322,0.20533178746700287,0.016462594270706177,0.1639910638332367,1.1069884300231934,-0.0009036064147949219,-0.008351802825927734,-0.0074138641357421875,-0.008721590042114258,3000,127.22185516357422,4.845932483673096,27.148027420043945,3.301304340362549,82.1291275024414,4.408292770385742,28.74143409729004,3.358339786529541,0.04645513890997419,1.0,0.0704757941267661
0.3299927042849909,0.20709338784217834,0.017307989299297333,0.16569268703460693,1.108684778213501,-0.0010495185852050781,-0.010226964950561523,-0.008530616760253906,-0.01042318344116211,3100,127.08840942382812,4.844882965087891,26.87179946899414,3.2910773754119873,81.4314956665039,4.399762153625488,28.44340705871582,3.347916603088379,0.061181114316077125,1.0,0.06295004839237323
0.3297069904938857,0.20921717584133148,0.018500134348869324,0.1678236424922943,1.109550952911377,-0.00115966796875,-0.012067079544067383,-0.011200904846191406,-0.012547731399536133,3200,126.94110870361328,4.843723297119141,26.549482345581055,3.27901029586792,80.52447509765625,4.388561248779297,28.088741302490234,3.3353688716888428,0.07833611659328982,1.0,0.05578429329002436
0.32905229672283426,0.21166858077049255,0.019805945456027985,0.1704733818769455,1.1115386486053467,-0.0016865730285644531,-0.014402151107788086,-0.01241445541381836,-0.01551365852355957,3300,126.7271957397461,4.842036724090576,26.16985511779785,3.264608144760132,79.53099060058594,4.3761467933654785,27.656347274780273,3.319855213165283,0.10353727038105359,1.0,0.048865005036012064
0.3281069773555522,0.21442244946956635,0.021353090181946754,0.17362703382968903,1.1144156455993652,-0.0019068717956542969,-0.016937971115112305,-0.01406097412109375,-0.01907205581665039,3400,126.48577880859375,4.840129852294922,25.730323791503906,3.2476701736450195,78.4205322265625,4.362085819244385,27.133880615234375,3.300783157348633,0.13557006224381357,1.0,0.04292558898989568
0.3265195212064201,0.21716277301311493,0.02253790758550167,0.17690375447273254,1.1192655563354492,-0.0016560554504394531,-0.01711416244506836,-0.012264251708984375,-0.020251750946044922,3500,126.27648162841797,4.838473796844482,25.293716430664062,3.230556011199951,77.46463775634766,4.3498215675354,26.58989906311035,3.280531406402588,0.16198572946713222,1.0,0.037636512435027504
0.3244938301050954,0.21942561864852905,0.023187514394521713,0.17970147728919983,1.1254887580871582,-0.0012984275817871094,-0.014545440673828125,-0.00832223892211914,-0.01812887191772461,3600,126.11262512207031,4.837175369262695,24.9284725189209,3.216010570526123,76.82263946533203,4.341499328613281,26.11219596862793,3.2624025344848633,0.18232882951267648,1.0,0.03318545074960511
0.32232644168888347,0.22134707868099213,0.023561658337712288,0.1819603145122528,1.132190227508545,-0.00152587890625,-0.012786865234375,-0.006085395812988281,-0.01535797119140625,3700,125.92034912109375,4.835649490356445,24.611738204956055,3.203223705291748,76.35655975341797,4.335413932800293,25.714231491088867,3.247044563293457,0.20191285866099895,1.0,0.029057377084698938
0.3197053278730765,0.2231149822473526,0.023704249411821365,0.18378770351409912,1.1403555870056152,-0.0014505386352539062,-0.011816978454589844,-0.0036516189575195312,-0.012760162353515625,3800,125.73782348632812,4.834198951721191,24.32261848449707,3.191406726837158,76.07823944091797,4.331762313842773,25.388198852539062,3.2342844009399414,0.21982693183543342,1.0,0.02555834187668617
0.3166921839308391,0.22479981184005737,0.023647960275411606,0.18533186614513397,1.149825096130371,-0.0012769699096679688,-0.01124429702758789,-0.0017747879028320312,-0.010969400405883789,3900,125.57736206054688,4.832921981811523,24.050661087036133,3.1801624298095703,75.9433364868164,4.329987525939941,25.11122703552246,3.2233150005340576,0.23455290724153635,1.0,0.022424870600341738
0.3136508482997123,0.2264411449432373,0.0235811285674572,0.18668237328529358,1.1594748497009277,-0.0011816024780273438,-0.01084280014038086,-0.0011930465698242188,-0.00977635383605957,4000,125.42906951904297,4.831740379333496,23.791292190551758,3.1693196296691895,75.85279083251953,4.328794479370117,24.866926193237305,3.213538646697998,0.24836799757097314,1.0,0.01969060391546732
0.3129222924531028,0.2268390655517578,0.02356801927089691,0.1869913786649704,1.1618003845214844,-0.0003662109375,-0.002654552459716797,-0.00032901763916015625,-0.0023272037506103516,4025,125.38314819335938,4.831374168395996,23.728219985961914,3.1666650772094727,75.82783508300781,4.328465461730957,24.80912208557129,3.2112114429473877,0.251252466980416,1.0,0.019063230775544865
0.31222875546322804,0.22722011804580688,0.023549243807792664,0.18729537725448608,1.1640191078186035,-0.0003032684326171875,-0.0025429725646972656,-0.000324249267578125,-0.0022323131561279297,4050,125.3451156616211,4.831070899963379,23.66795539855957,3.1641221046447754,75.80325317382812,4.328141212463379,24.753803253173828,3.2089791297912598,0.2556550781843024,1.0,0.01849407981223117
0.3115327586121203,0.22760900855064392,0.02352801337838173,0.1876038908958435,1.1662507057189941,-0.00030803680419921875,-0.0025196075439453125,-0.0002880096435546875,-0.002163410186767578,4075,125.30652618408203,4.83076286315918,23.608396530151367,3.16160249710083,75.78142547607422,4.327853202819824,24.700307846069336,3.206815719604492,0.2576286625170791,1.0,0.017907806680736434
0.31082997842241666,0.22800667583942413,0.02351105585694313,0.18790657818317413,1.1685092449188232,-0.0003542900085449219,-0.002595663070678711,-0.0003371238708496094,-0.0021970272064208984,4100,125.26213073730469,4.830408573150635,23.547199249267578,3.1590068340301514,75.7558822631836,4.327516078948975,24.646100997924805,3.2046186923980713,0.2624867162592986,1.0,0.01733752354203303
0.3101918952607824,0.22840754687786102,0.023524552583694458,0.18820273876190186,1.1705641746520996,-0.0003895759582519531,-0.0025794506072998047,-0.0005245208740234375,-0.0021288394927978516,4125,125.21334075927734,4.830018997192383,23.48653793334961,3.1564273834228516,75.71615600585938,4.326991558074951,24.593690872192383,3.2024898529052734,0.26552299984818584,1.0,0.016749866055964915
0.3094999202599033,0.2288370430469513,0.023527098819613457,0.18851102888584137,1.172797441482544,-0.00039386749267578125,-0.0026857852935791016,-0.0004525184631347656,-0.0022013187408447266,4150,125.16403198242188,4.829625129699707,23.423542022705078,3.1537415981292725,75.68190002441406,4.326539039611816,24.539609909057617,3.2002885341644287,0.2731137088204038,1.0,0.016226736971254384
0.30882362137305114,0.22928103804588318,0.02355234883725643,0.18883728981018066,1.1749849319458008,-0.000370025634765625,-0.0027081966400146484,-0.0005207061767578125,-0.0022165775299072266,4175,125.11772155761719,4.829255104064941,23.360191345214844,3.151033401489258,75.64250183105469,4.326018333435059,24.485275268554688,3.1980719566345215,0.27508729315318053,1.0,0.01566225469038471
0.30817725426071196,0.2297336906194687,0.02358785830438137,0.18916931748390198,1.1770801544189453,-0.0004162788391113281,-0.0027074813842773438,-0.0006122589111328125,-0.0022096633911132812,4200,125.0656509399414,4.82883882522583,23.29703140258789,3.1483259201049805,75.59620666503906,4.325406074523926,24.431230545043945,3.195862293243408,0.28055260361317746,1.0,0.015192104315399744
0.3076345385769258,0.23016297817230225,0.02364320307970047,0.1894955337047577,1.1788427829742432,-0.0004057884216308594,-0.0026099681854248047,-0.0008473396301269531,-0.002186298370361328,4225,125.01492309570312,4.828433036804199,23.236305236816406,3.1457159519195557,75.53217315673828,4.324558734893799,24.377870559692383,3.193675994873047,0.28495521481706393,1.0,0.014693212550870076
0.3070596010940808,0.2305956482887268,0.023690547794103622,0.18982481956481934,1.180713415145874,-0.0004439353942871094,-0.0026826858520507812,-0.0008120536804199219,-0.0023021697998046875,4250,124.95942687988281,4.827989101409912,23.174053192138672,3.143033266067505,75.47086334228516,4.323746681213379,24.32181739807129,3.191373825073242,0.28935782602095034,1.0,0.014201061937411486
0.30653484759231625,0.2310623973608017,0.0237678624689579,0.19018445909023285,1.1824238300323486,-0.0003991127014160156,-0.0026564598083496094,-0.000946044921875,-0.0022745132446289062,4275,124.9095687866211,4.827589988708496,23.112573623657227,3.1403768062591553,75.39949798583984,4.322800636291504,24.26656150817871,3.1890993118286133,0.29543039319872477,1.0,0.013728716584948215
0.3060351516321207,0.23154273629188538,0.023851018399000168,0.19055037200450897,1.1840553283691406,-0.0004248619079589844,-0.002671957015991211,-0.0010404586791992188,-0.002279996871948242,4300,124.8564453125,4.827165126800537,23.050901412963867,3.137704849243164,75.32109069824219,4.321760177612305,24.21129608154297,3.186819314956665,0.30044026112038863,1.0,0.013304662713180359
0.3055219358075908,0.23200362920761108,0.023931659758090973,0.1908988654613495,1.1857337951660156,-0.0004391670227050781,-0.0026645660400390625,-0.0009860992431640625,-0.0022687911987304688,4325,124.80168151855469,4.826725959777832,22.98956298828125,3.135040283203125,75.2468490600586,4.320774078369141,24.156429290771484,3.1845505237579346,0.30408380142705327,1.0,0.01281000304014061
0.30506452871840717,0.23250699043273926,0.02405393496155739,0.19126670062541962,1.1872320175170898,-0.00048065185546875,-0.0028676986694335938,-0.001369476318359375,-0.0024068355560302734,4350,124.74171447753906,4.826245307922363,22.923730850219727,3.1321725845336914,75.14387512207031,4.319404602050781,24.098358154296875,3.1821436882019043,0.30803097009260666,1.0,0.012398140681188087
0.30464134429024475,0.23300772905349731,0.024186767637729645,0.19164863228797913,1.1886200904846191,-0.0005064010620117188,-0.002810955047607422,-0.001422882080078125,-0.0024313926696777344,4375,124.6785659790039,4.825738906860352,22.85938262939453,3.129361629486084,75.03703308105469,4.317981719970703,24.039836883544922,3.1797122955322266,0.31486260816760286,1.0,0.011970119144896891
0.304179345659191,0.23353499174118042,0.024323340505361557,0.19204530119895935,1.1901378631591797,-0.000499725341796875,-0.002964496612548828,-0.0014467239379882812,-0.002498626708984375,4400,124.61627197265625,4.825239181518555,22.791717529296875,3.126397132873535,74.92855072021484,4.316534996032715,23.97984504699707,3.177213668823242,0.31941703355093365,1.0,0.011578467123416364
0.3038207805501832,0.23407457768917084,0.024489372968673706,0.19247308373451233,1.1913173198699951,-0.000385284423828125,-0.0028002262115478516,-0.0016207695007324219,-0.002428770065307617,4425,124.56826782226562,4.824853897094727,22.727983474731445,3.1235969066619873,74.80720520019531,4.314914226531982,23.921669006347656,3.1747848987579346,0.3265522999848186,1.0,0.011195816477849119
0.30351684613293217,0.23459777235984802,0.024680549278855324,0.19288873672485352,1.1923182010650635,-0.0005092620849609375,-0.00292205810546875,-0.0019211769104003906,-0.002599000930786133,4450,124.50484466552734,4.824344635009766,22.66166877746582,3.1206748485565186,74.66362762451172,4.312993049621582,23.859582901000977,3.1721858978271484,0.3336875664187035,1.0,0.010789792866576107
0.3032841350550196,0.23509369790554047,0.024875516071915627,0.19329391419887543,1.1930851936340332,-0.0005044937133789062,-0.0028107166290283203,-0.0020437240600585938,-0.002559661865234375,4475,124.44204711914062,4.823840141296387,22.59806251525879,3.1178641319274902,74.51119232177734,4.310949325561523,23.798587799072266,3.169626235961914,0.3406710186731441,1.0,0.010428516075416375
0.3031180571728247,0.23559072613716125,0.025097567588090897,0.19369849562644958,1.1936330795288086,-0.0004940032958984375,-0.002757549285888672,-0.0022096633911132812,-0.0024805068969726562,4500,124.3805923461914,4.823346138000488,22.535825729370117,3.1151065826416016,74.34669494628906,4.30873966217041,23.739627838134766,3.1671457290649414,0.34643995749202977,1.0,0.010109067526873674
0.3029366109322335,0.23608487844467163,0.025307483971118927,0.19413073360919952,1.1942317485809326,-0.0005292892456054688,-0.002759218215942383,-0.0021605491638183594,-0.0026679039001464844,4525,124.31477355957031,4.822816848754883,22.473737716674805,3.112347364425659,74.18627166748047,4.306579113006592,23.676376342773438,3.164477825164795,0.35524517989980264,1.0,0.009741417454419662
0.3027609811688411,0.23655056953430176,0.02549554780125618,0.19454458355903625,1.1948115825653076,-0.0004801750183105469,-0.0025773048400878906,-0.0019974708557128906,-0.002570629119873047,4550,124.25509643554688,4.822336673736572,22.415889739990234,3.1097700595855713,74.03823852539062,4.304581642150879,23.61559295654297,3.161907196044922,0.36238044633368754,1.0,0.009386418634810446
0.30255208156906277,0.23703867197036743,0.025690585374832153,0.19497893750667572,1.1955018043518066,-0.0004782676696777344,-0.002665281295776367,-0.0019750595092773438,-0.0026397705078125,4575,124.19568634033203,4.8218584060668945,22.356224060058594,3.107104778289795,73.89215087890625,4.302606582641602,23.553335189819336,3.1592674255371094,0.3699711553059056,1.0,0.009054410221183199
0.3023572500756984,0.23748794198036194,0.02585718035697937,0.195369154214859,1.1961455345153809,-0.0005731582641601562,-0.00251007080078125,-0.0018663406372070312,-0.002471923828125,4600,124.12452697753906,4.821285247802734,22.300168991088867,3.1045947074890137,73.7543716430664,4.3007402420043945,23.49518585205078,3.1567955017089844,0.37315925307423714,1.0,0.008746418888759181
0.3020957859198279,0.23798808455467224,0.026034340262413025,0.19580039381980896,1.1970109939575195,-0.0004711151123046875,-0.0026459693908691406,-0.0017805099487304688,-0.0026030540466308594,4625,124.06605529785156,4.82081413269043,22.241249084472656,3.1019487380981445,73.6231689453125,4.298959732055664,23.434106826782227,3.1541924476623535,0.3805981478670108,1.0,0.00842637004638335
0.3019108587426531,0.23845694959163666,0.026216335594654083,0.1962231695652008,1.1976234912872314,-0.0004730224609375,-0.0025131702423095703,-0.0019006729125976562,-0.0025844573974609375,4650,124.00738525390625,4.820341110229492,22.185426712036133,3.099435567855835,73.48336791992188,4.297059059143066,23.373613357543945,3.1516079902648926,0.387429785942007,1.0,0.00813148864350215
0.3019335182260051,0.23890751600265503,0.026494231075048447,0.19664491713047028,1.1975483894348145,-0.0004801750183105469,-0.0025217533111572266,-0.0025968551635742188,-0.002693653106689453,4675,123.9478530883789,4.819860935211182,22.12955093383789,3.0969138145446777,73.29279327392578,4.294462203979492,23.31074333190918,3.148914337158203,0.39638682252922425,1.0,0.007844435133589109
0.30186674529724816,0.23938745260238647,0.0267464779317379,0.19708512723445892,1.1977696418762207,-0.0004711151123046875,-0.002579212188720703,-0.002357959747314453,-0.0027151107788085938,4700,123.88948059082031,4.819389820098877,22.072547912597656,3.094334602355957,73.12017059326172,4.292104244232178,23.24753761291504,3.1461992263793945,0.404281159860331,1.0,0.007558540043419109
0.30182413252799295,0.23985213041305542,0.026985300704836845,0.19751693308353424,1.1979107856750488,-0.0004982948303222656,-0.0025320053100585938,-0.0023908615112304688,-0.0027208328247070312,4725,123.8277587890625,4.818891525268555,22.0167293548584,3.0918025970458984,72.945556640625,4.289713382720947,23.184371948242188,3.1434783935546875,0.4126309397297708,1.0,0.00730692098362069
0.30178211327286475,0.24029964208602905,0.027210868895053864,0.1979321539402008,1.1980500221252441,-0.0005197525024414062,-0.002457141876220703,-0.0023179054260253906,-0.0026221275329589844,4750,123.76341247558594,4.818371772766113,21.962697982788086,3.0893454551696777,72.77667236328125,4.287395477294922,23.123659133911133,3.1408562660217285,0.4170335509336572,1.0,0.00704548979728548
0.30171076726660184,0.24077428877353668,0.027443919330835342,0.19836419820785522,1.1982862949371338,-0.00047016143798828125,-0.0025327205657958984,-0.00229644775390625,-0.0026426315307617188,4775,123.70523834228516,4.817901611328125,21.907140731811523,3.086812734603882,72.6097412109375,4.285099029541016,23.0626277923584,3.138213634490967,0.42674965841809626,1.0,0.006776386028397261
0.3016569502540596,0.241238072514534,0.027677420526742935,0.19879671931266785,1.1984648704528809,-0.0004553794860839844,-0.002420663833618164,-0.0022420883178710938,-0.0025610923767089844,4800,123.64891815185547,4.817446231842041,21.854177474975586,3.0843920707702637,72.4471206665039,4.2828569412231445,23.003643035888672,3.135652542114258,0.43373311067253684,1.0,0.006541370149189639
0.30158629977996143,0.24168652296066284,0.02789253741502762,0.19922131299972534,1.1986989974975586,-0.0004525184631347656,-0.0024318695068359375,-0.002197742462158203,-0.0025968551635742188,4825,123.59298706054688,4.816993713378906,21.80109405517578,3.0819602012634277,72.28807830810547,4.280659198760986,22.94398307800293,3.1330556869506836,0.44223470472142096,1.0,0.006329604543014188
0.30142908633039733,0.24213452637195587,0.028078077360987663,0.19965404272079468,1.1992204189300537,-0.0004038810729980469,-0.0023000240325927734,-0.0017786026000976562,-0.002562999725341797,4850,123.54307556152344,4.816589832305908,21.751008987426758,3.079660177230835,72.15962219238281,4.278880596160889,22.885251998901367,3.130492687225342,0.4457264308486413,1.0,0.006086125520066557
0.3013413497924917,0.24256056547164917,0.028259459882974625,0.20007020235061646,1.1995115280151367,-0.0003905296325683594,-0.002119779586791992,-0.0018286705017089844,-0.0023584365844726562,4875,123.49483489990234,4.81619930267334,21.7049503326416,3.077540397644043,72.02778625488281,4.27705192565918,22.831342697143555,3.128134250640869,0.4539243965386367,1.0,0.0058755851832557075
0.3012391652482465,0.24296791851520538,0.02843310870230198,0.2004762440919876,1.1998505592346191,-0.0003662109375,-0.0020537376403808594,-0.0017147064208984375,-0.0022597312927246094,4900,123.44961547851562,4.81583309173584,21.660415649414062,3.075486660003662,71.90438079833984,4.275337219238281,22.779808044433594,3.1258745193481445,0.4607560346136329,1.0,0.005666137983511624
0.3010785366749924,0.2433849275112152,0.028584090992808342,0.20086243748664856,1.2003841400146484,-0.00045490264892578125,-0.0021071434020996094,-0.0015735626220703125,-0.0022017955780029297,4925,123.39347076416016,4.815378189086914,21.61482810974121,3.0733795166015625,71.79132843017578,4.273763656616211,22.729707717895508,3.1236727237701416,0.4663731592530742,1.0,0.005494701481027585
0.3009665677728916,0.2437758445739746,0.02873171865940094,0.20122899115085602,1.2007560729980469,-0.0004024505615234375,-0.0019168853759765625,-0.001544952392578125,-0.0020551681518554688,4950,123.34382629394531,4.814975738525391,21.57343292236328,3.071462631225586,71.68049621582031,4.272218704223633,22.683042526245117,3.121617555618286,0.47396386822529224,1.0,0.005278223282957884
0.30082929341374653,0.24420380592346191,0.028888065367937088,0.20161955058574677,1.2012124061584473,-0.0003600120544433594,-0.002006053924560547,-0.0015497207641601562,-0.0020568370819091797,4975,123.29943084716797,4.814615726470947,21.530200958251953,3.0694565773010254,71.56949615478516,4.270668983459473,22.636432647705078,3.119560718536377,0.48034006376195537,1.0,0.0050862538011138695
0.30073116671135486,0.2446284294128418,0.029061391949653625,0.20199577510356903,1.201538324356079,-0.0003037452697753906,-0.0018794536590576172,-0.0015535354614257812,-0.0019805431365966797,5000,123.2619857788086,4.814311981201172,21.48976707458496,3.0675771236419678,71.4583969116211,4.269115447998047,22.591646194458008,3.1175801753997803,0.4867162592986185,1.0,0.004898963279594435
0.3005809119799136,0.2450324445962906,0.02919580601155758,0.20236334204673767,1.202038288116455,-0.0003266334533691406,-0.0017845630645751953,-0.0012845993041992188,-0.001916646957397461,5025,123.22173309326172,4.813985347747803,21.45145606994629,3.0657925605773926,71.36666107177734,4.267830848693848,22.54838752746582,3.115663528442383,0.49172612722028236,1.0,0.004722217935804756
0.3004001761213916,0.24547924101352692,0.029359741136431694,0.20273619890213013,1.2026398181915283,-0.00022554397583007812,-0.001982450485229492,-0.00138092041015625,-0.0019333362579345703,5050,123.19393920898438,4.813759803771973,21.408971786499023,3.063810110092163,71.26817321777344,4.266449928283691,22.50483512878418,3.1137301921844482,0.4950660391680583,1.0,0.004563080029750888
0.300205041142325,0.2459321916103363,0.02951764687895775,0.20312009751796722,1.20328950881958,-0.00014781951904296875,-0.0018999576568603516,-0.0012502670288085938,-0.001878499984741211,5075,123.17572784423828,4.81361198425293,21.36833381652832,3.0619101524353027,71.17913055419922,4.265199661254883,22.462600708007812,3.111851692199707,0.504630332473053,1.0,0.0044061832966891526
0.3000226416345401,0.24632275104522705,0.02964525669813156,0.2034454047679901,1.203897476196289,-0.00028705596923828125,-0.0017313957214355469,-0.0011234283447265625,-0.0016379356384277344,5100,123.14037322998047,4.813324928283691,21.331371307373047,3.060178756713867,71.09920501708984,4.264076232910156,22.42583656311035,3.1102137565612793,0.5108547138302717,1.0,0.004234121486011293
0.2998717676273927,0.24672609567642212,0.029796233400702477,0.2037653923034668,1.2044003009796143,-0.00024890899658203125,-0.0016853809356689453,-0.00118255615234375,-0.001596689224243164,5125,123.10973358154297,4.813076019287109,21.295448303222656,3.0584933757781982,71.01518249511719,4.2628936767578125,22.390058517456055,3.108617067337036,0.5199635645969334,1.0,0.004089909036063624
0.2997329490477294,0.24710939824581146,0.029935896396636963,0.20407846570014954,1.2048633098602295,-0.00033092498779296875,-0.0016655921936035156,-0.0012025833129882812,-0.0015485286712646484,5150,123.0689926147461,4.812745094299316,21.260007858276367,3.0568277835845947,70.9298324584961,4.261691093444824,22.35541343688965,3.1070685386657715,0.5248216183391529,1.0,0.003937722477483715
0.29962714692561504,0.2474813461303711,0.030084606260061264,0.20437094569206238,1.205216407775879,-0.0002474784851074219,-0.0015895366668701172,-0.0012364387512207031,-0.0014681816101074219,5175,123.03854370117188,4.812497615814209,21.226242065429688,3.0552382469177246,70.8421859741211,4.2604546546936035,22.322614669799805,3.105600357055664,0.5342340974647032,1.0,0.0037947483288162487
0.2994876600960247,0.24787434935569763,0.030247775837779045,0.20467934012413025,1.2056820392608643,-0.00023555755615234375,-0.0016949176788330078,-0.0012292861938476562,-0.0015704631805419922,5200,123.00955963134766,4.812262058258057,21.19029426574707,3.0535433292388916,70.7551498413086,4.259225368499756,22.287586212158203,3.104029893875122,0.5401548504630332,1.0,0.003660921008219846
0.2993177944922842,0.2482317090034485,0.03037538006901741,0.20496830344200134,1.206249475479126,-0.00025272369384765625,-0.001522064208984375,-0.0009546279907226562,-0.0014917850494384766,5225,122.97848510742188,4.812009334564209,21.15806770324707,3.0520212650299072,70.68763732910156,4.258270740509033,22.254362106323242,3.1025381088256836,0.546379231820252,1.0,0.003520678340877828
0.2991595991218526,0.24863620102405548,0.030527763068675995,0.20530906319618225,1.2067780494689941,-0.00023031234741210938,-0.0016925334930419922,-0.0011639595031738281,-0.0016002655029296875,5250,122.95015716552734,4.811779022216797,21.12228775024414,3.0503287315368652,70.60541534423828,4.257106781005859,22.218778610229492,3.100937843322754,0.5568544102019128,1.0,0.0033986947557299507
0.2990429615369642,0.24898743629455566,0.030670801177620888,0.20560979843139648,1.2071681022644043,-0.0002231597900390625,-0.0014190673828125,-0.0010290145874023438,-0.0014214515686035156,5275,122.9227294921875,4.811555862426758,21.092334747314453,3.0489096641540527,70.53279113769531,4.256077766418457,22.187219619750977,3.0995163917541504,0.5614088355852437,1.0,0.0032717294852077053
0.2989333101293636,0.24935710430145264,0.030833208933472633,0.20592394471168518,1.2075347900390625,-0.0002307891845703125,-0.0015196800231933594,-0.0011529922485351562,-0.0013990402221679688,5300,122.89435577392578,4.8113250732421875,21.060304641723633,3.0473899841308594,70.4515151977539,4.254924774169922,22.156200408935547,3.0981173515319824,0.5683922878396842,1.0,0.003158187031155831
0.29877358676620913,0.24971722066402435,0.03096374124288559,0.20622745156288147,1.2080693244934082,-0.0002155303955078125,-0.0013976097106933594,-0.0008630752563476562,-0.001336812973022461,5325,122.86787414550781,4.81110954284668,21.03089141845703,3.045992374420166,70.39073181152344,4.254061698913574,22.12660026550293,3.09678053855896,0.570821314710794,1.0,0.0030367726060442366
0.298572473630874,0.2500752806663513,0.031082378700375557,0.20653653144836426,1.208742618560791,-0.0001850128173828125,-0.00147247314453125,-0.0007991790771484375,-0.0014271736145019531,5350,122.84514617919922,4.810924530029297,20.99994659423828,3.0445199012756348,70.33450317382812,4.253262519836426,22.09503936767578,3.095353364944458,0.5771975102474571,1.0,0.002934332291313799
0.2983981631253014,0.25043565034866333,0.031206775456666946,0.2068571001291275,1.2093265056610107,-0.00018787384033203125,-0.0014069080352783203,-0.0008230209350585938,-0.0013697147369384766,5375,122.82205963134766,4.810736656188965,20.970420837402344,3.0431129932403564,70.27664184570312,4.252439498901367,22.064800262451172,3.0939836502075195,0.5831182632457872,1.0,0.002833451807411806
0.2982527405574191,0.25078126788139343,0.03133280575275421,0.2071649432182312,1.2098140716552734,-0.000240325927734375,-0.0013535022735595703,-0.000865936279296875,-0.0012960433959960938,5400,122.79255676269531,4.8104963302612305,20.942058563232422,3.041759490966797,70.21581268310547,4.25157356262207,22.036222457885742,3.0926876068115234,0.5863063610141187,1.0,0.0027199746254754987
0.2980770673752133,0.25114548206329346,0.03146117180585861,0.20749646425247192,1.2104032039642334,-0.00014591217041015625,-0.0014216899871826172,-0.0008325576782226562,-0.0013837814331054688,5425,122.7746353149414,4.81035041809082,20.91230583190918,3.0403378009796143,70.15737915039062,4.250741004943848,22.005752563476562,3.091303825378418,0.5946561408835586,1.0,0.002625330641217567
0.29791571249158605,0.2514951229095459,0.03159104287624359,0.20781448483467102,1.210944652557373,-0.000179290771484375,-0.0014088153839111328,-0.0008673667907714844,-0.001373291015625,5450,122.75262451171875,4.810171127319336,20.88286590576172,3.038928985595703,70.0965576171875,4.249873638153076,21.97555160522461,3.089930534362793,0.6020950356763322,1.0,0.0025215330335669997
0.29775333807610505,0.2518351376056671,0.03172280639410019,0.2081066370010376,1.2114899158477783,-0.00017213821411132812,-0.0014417171478271484,-0.000896453857421875,-0.001333475112915039,5475,122.73149871826172,4.809998989105225,20.852781295776367,3.037487268447876,70.03374481201172,4.248977184295654,21.94626808166504,3.088597059249878,0.6054349476241081,1.0,0.0024360927887139465
0.2976625777897974,0.25216570496559143,0.031861625611782074,0.20839837193489075,1.2117948532104492,-0.00012254714965820312,-0.0012295246124267578,-0.0009245872497558594,-0.0011992454528808594,5500,122.71646118164062,4.809876441955566,20.827157974243164,3.036257743835449,69.9690170288086,4.248052597045898,21.919963836669922,3.087397813796997,0.6115075148018825,1.0,0.002345277942171879
0.29756518438550766,0.25248318910598755,0.03198898583650589,0.20869752764701843,1.2121219635009766,-0.00017452239990234375,-0.0011758804321289062,-0.0008487701416015625,-0.0011570453643798828,5525,122.6950454711914,4.809701919555664,20.80268096923828,3.0350818634033203,69.90966033935547,4.247203826904297,21.894615173339844,3.086240768432617,0.6159101260057689,1.0,0.002263902909796313
0.29735561488524564,0.2528204619884491,0.03208935260772705,0.2089952975511551,1.2128264904022217,-9.059906005859375e-05,-0.0012938976287841797,-0.0005893707275390625,-0.0012331008911132812,5550,122.68392181396484,4.8096113204956055,20.775781631469727,3.033787965774536,69.86846923828125,4.246614456176758,21.867633819580078,3.085007667541504,0.6221345073629877,1.0,0.0021827195249273477
0.2971679225619185,0.2531014084815979,0.032170459628105164,0.2092546820640564,1.2134575843811035,-0.0001544952392578125,-0.0011594295501708984,-0.0005283355712890625,-0.0011668205261230469,5575,122.66497802734375,4.809456825256348,20.75170135498047,3.0326285362243652,69.8315658569336,4.246086120605469,21.842134475708008,3.083840847015381,0.626081676028541,1.0,0.002098027787525748
0.2969916534903905,0.25339263677597046,0.032279469072818756,0.20952868461608887,1.2140512466430664,-0.00014019012451171875,-0.0011997222900390625,-0.0006060600280761719,-0.0011820793151855469,5600,122.64778137207031,4.809316635131836,20.726825714111328,3.031428813934326,69.78925323486328,4.245480060577393,21.816329956054688,3.0826587677001953,0.6300288446940945,1.0,0.0020255130848667135
0.296779329413281,0.2537318468093872,0.03237128257751465,0.20984134078025818,1.214766502380371,-7.2479248046875e-05,-0.0012488365173339844,-0.0005335807800292969,-0.00115966796875,5625,122.6388931274414,4.809244155883789,20.700958251953125,3.030179977416992,69.75202178955078,4.244946479797363,21.791046142578125,3.0814990997314453,0.6361014118718689,1.0,0.001948164895930658
0.2965862013908443,0.25398963689804077,0.032444167882204056,0.21007972955703735,1.2154173851013184,-0.0001354217529296875,-0.0010862350463867188,-0.0004353523254394531,-0.0010187625885009766,5650,122.62228393554688,4.809108734130859,20.678485870361328,3.0290937423706055,69.72167205810547,4.244511127471924,21.768856048583984,3.0804803371429443,0.6400485805374222,1.0,0.0018811259305858384
0.2964236153838868,0.25427567958831787,0.032544225454330444,0.21033938229084015,1.215965747833252,-2.8133392333984375e-05,-0.001140594482421875,-0.0005922317504882812,-0.0010459423065185547,5675,122.61882781982422,4.809080600738525,20.6549129486084,3.0279531478881836,69.68038940429688,4.2439188957214355,21.746097564697266,3.079434394836426,0.6449066342796417,1.0,0.00181410467992375
0.2962152151987821,0.25455376505851746,0.03261438012123108,0.21059450507164001,1.2166690826416016,-8.821487426757812e-05,-0.0010881423950195312,-0.0003848075866699219,-0.0009915828704833984,5700,122.60801696777344,4.808992385864258,20.632450103759766,3.026865005493164,69.65357971191406,4.243534088134766,21.724546432495117,3.0784428119659424,0.6479429178685289,1.0,0.0017507545404798865
0.2960154695612512,0.25484490394592285,0.032695457339286804,0.21083886921405792,1.2173435688018799,-2.956390380859375e-05,-0.0011379718780517578,-0.0004634857177734375,-0.0009496212005615234,5725,122.6043930053711,4.808962821960449,20.608983993530273,3.0257270336151123,69.62130737304688,4.243070602416992,21.70392608642578,3.077493190765381,0.6538636708668589,1.0,0.0016859278528707552
0.29580191521700605,0.2551170289516449,0.03276093304157257,0.2110426425933838,1.2180652618408203,-0.00011396408081054688,-0.0010955333709716797,-0.00037384033203125,-0.0008406639099121094,5750,122.59042358398438,4.808848857879639,20.58641815185547,3.0246315002441406,69.59528350830078,4.242696762084961,21.685688018798828,3.0766525268554688,0.6555336268407469,1.0,0.0016223081084949108
0.29560085595651536,0.25539126992225647,0.03283039480447769,0.21125945448875427,1.218745231628418,-0.00012350082397460938,-0.0010428428649902344,-0.0003628730773925781,-0.0008349418640136719,5775,122.57527923583984,4.808725357055664,20.564960479736328,3.0235886573791504,69.57003021240234,4.242333889007568,21.66758918762207,3.075817584991455,0.6606953089418551,1.0,0.0015687163519718592
0.29533442047967423,0.2556838393211365,0.032873958349227905,0.2114829421043396,1.21964693069458,-7.867813110351562e-05,-0.0011048316955566406,-0.00020313262939453125,-0.0008099079132080078,5800,122.56563568115234,4.8086466789245605,20.542251586914062,3.0224838256835938,69.55590057373047,4.242130756378174,21.650047302246094,3.075007677078247,0.6658569910429634,1.0,0.0015101921290864152
0.29510147861445607,0.25595611333847046,0.03292746841907501,0.21168887615203857,1.2204360961914062,-0.00011777877807617188,-0.0010251998901367188,-0.00023603439331054688,-0.0007731914520263672,5825,122.55120849609375,4.808528900146484,20.521203994750977,3.021458625793457,69.53948211669922,4.241894721984863,21.633316040039062,3.0742344856262207,0.6698041597085168,1.0,0.001456951651217919
0.29486599686272513,0.25623443722724915,0.03298133611679077,0.21190644800662994,1.2212343215942383,-0.000156402587890625,-0.001056671142578125,-0.00025844573974609375,-0.0008149147033691406,5850,122.53204345703125,4.808372497558594,20.499530792236328,3.020401954650879,69.52151489257812,4.241636276245117,21.615694046020508,3.0734195709228516,0.671170487323516,1.0,0.0014033680407146902
0.2946558469475738,0.2565165162086487,0.03304223343729973,0.21212267875671387,1.221947193145752,-0.0001316070556640625,-0.0010251998901367188,-0.0003123283386230469,-0.0007672309875488281,5875,122.51591491699219,4.80824089050293,20.478525161743164,3.019376754760742,69.49980926513672,4.241323947906494,21.5991153717041,3.0726523399353027,0.6767876119629573,1.0,0.0013534579438261006
0.2944061917250219,0.2567896246910095,0.03308342397212982,0.21233361959457397,1.222794771194458,-2.574920654296875e-05,-0.000978708267211914,-0.00013113021850585938,-0.0007338523864746094,5900,122.51275634765625,4.808215141296387,20.458492279052734,3.0183980464935303,69.4906997680664,4.241192817687988,21.583271026611328,3.071918487548828,0.6793684530135115,1.0,0.0013051805602753578
0.2941844336048316,0.2570703625679016,0.0331391878426075,0.21253849565982819,1.223548412322998,-8.296966552734375e-05,-0.0009987354278564453,-0.00024509429931640625,-0.0006704330444335938,5925,122.50259399414062,4.808132171630859,20.43807029724121,3.017399311065674,69.47366333007812,4.240947723388672,21.568805694580078,3.0712480545043945,0.6811902231668437,1.0,0.0012593306688503392
0.29393387396063964,0.2573499381542206,0.033174872398376465,0.21274204552173615,1.224400520324707,-9.965896606445312e-05,-0.0009436607360839844,-9.1552734375e-05,-0.0006265640258789062,5950,122.49038696289062,4.808032512664795,20.418792724609375,3.01645565032959,69.46730041503906,4.240856170654297,21.555286407470703,3.0706214904785156,0.6872627903446182,1.0,0.0012134557310524803
0.29370517658216017,0.2576097249984741,0.03322432562708855,0.21291948854923248,1.2251784801483154,-0.00011301040649414062,-0.000982046127319336,-0.0002040863037109375,-0.0006422996520996094,5975,122.47654724121094,4.807919502258301,20.398744583129883,3.0154736042022705,69.45313262939453,4.240652084350586,21.541454315185547,3.069979190826416,0.6909063306512828,1.0,0.0011712259939369435
0.2934847774888395,0.2578856647014618,0.03327612578868866,0.21311302483081818,1.2259294986724854,-4.3392181396484375e-05,-0.0008845329284667969,-0.000133514404296875,-0.0005140304565429688,6000,122.47117614746094,4.807876110076904,20.380714416503906,3.0145890712738037,69.44385528564453,4.240518569946289,21.530385971069336,3.069465160369873,0.6974343403673903,1.0,0.001127416072452928
0.29317670582312194,0.25819680094718933,0.03331437706947327,0.2133183628320694,1.2269797325134277,-8.392333984375e-05,-0.001035928726196289,1.430511474609375e-05,-0.00060272216796875,6025,122.46095275878906,4.8077921867370605,20.35961151123047,3.0135531425476074,69.4448471069336,4.240532875061035,21.517412185668945,3.0688624382019043,0.699407924700167,1.0,0.0010877508716459745
0.2929890041560688,0.25847598910331726,0.033376507461071014,0.213502436876297,1.2276201248168945,-5.1975250244140625e-05,-0.0008921623229980469,-0.00025177001953125,-0.00047206878662109375,6050,122.45458984375,4.807740211486816,20.341455459594727,3.0126609802246094,69.4273681640625,4.240281105041504,21.50725555419922,3.068390369415283,0.7073022620312738,1.0,0.0010490412537561642
0.2927599815534614,0.2587551474571228,0.03342603147029877,0.21367356181144714,1.2284021377563477,-4.291534423828125e-05,-0.0008974075317382812,-0.00011539459228515625,-0.0003876686096191406,6075,122.44932556152344,4.807697296142578,20.323209762573242,3.011763572692871,69.41935729980469,4.240165710449219,21.498920440673828,3.068002700805664,0.7110976165173827,1.0,0.001011210480295016
0.2925376897590805,0.25904494524002075,0.03347768262028694,0.21385350823402405,1.2291617393493652,-9.1552734375e-05,-0.0008444786071777344,-8.487701416015625e-05,-0.00038504600524902344,6100,122.43811798095703,4.807605743408203,20.306053161621094,3.0109190940856934,69.41345977783203,4.240080833435059,21.490638732910156,3.067617654800415,0.7150447851829361,1.0,0.0009745090111956782
0.29234169480276023,0.25930526852607727,0.033508606255054474,0.21400940418243408,1.2298319339752197,-8.106231689453125e-05,-0.0006659030914306641,4.291534423828125e-06,-0.0002574920654296875,6125,122.42819213867188,4.807524681091309,20.292537689208984,3.0102531909942627,69.41376495361328,4.240085124969482,21.485109329223633,3.0673601627349854,0.7195992105662669,1.0,0.0009373413551249624
0.2921251485032861,0.2596117854118347,0.03355395048856735,0.21418631076812744,1.2305729389190674,-0.0001163482666015625,-0.0008273124694824219,-8.630752563476562e-05,-0.00032591819763183594,6150,122.41394805908203,4.807408332824707,20.2757568359375,3.0094258785247803,69.40777587890625,4.239998817443848,21.47810935974121,3.0670342445373535,0.7224836799757097,1.0,0.0009052212330929191
0.29196663702429404,0.2599223852157593,0.03364238888025284,0.21435588598251343,1.2311158180236816,-0.0001430511474609375,-0.0009081363677978516,-0.00036525726318359375,-0.0003266334533691406,6175,122.39644622802734,4.807265281677246,20.257352828979492,3.0085177421569824,69.3824234008789,4.239633560180664,21.471094131469727,3.0667076110839844,0.727645362076818,1.0,0.0008710286222612135
0.29178666847585094,0.26024046540260315,0.0337165892124176,0.21453410387039185,1.2317323684692383,-8.96453857421875e-05,-0.0008220672607421875,-0.00020551681518554688,-0.00028252601623535156,6200,122.38546752929688,4.807175636291504,20.240705490112305,3.0076956748962402,69.3681640625,4.2394280433654785,21.465030670166016,3.066425085067749,0.7340215576134811,1.0,0.0008391362572356815
0.2915926892486642,0.26057887077331543,0.03378472477197647,0.21473480761051178,1.2323973178863525,-6.580352783203125e-05,-0.0008423328399658203,-0.0001773834228515625,-0.0002872943878173828,6225,122.3774185180664,4.807109832763672,20.223663330078125,3.0068533420562744,69.35586547851562,4.239250659942627,21.458864212036133,3.0661377906799316,0.7417640807651434,1.0,0.0008056995003552835
0.29139122850676635,0.2609287202358246,0.03385469317436218,0.21495874226093292,1.233088493347168,-0.00011444091796875,-0.0008847713470458984,-0.00019359588623046875,-0.00042629241943359375,6250,122.36341857910156,4.806995391845703,20.205778121948242,3.0059685707092285,69.34243774414062,4.2390570640563965,21.449718475341797,3.065711498260498,0.7487475330195841,1.0,0.000780763471047615
0.2911820305313539,0.26129695773124695,0.033935803920030594,0.21517476439476013,1.2338066101074219,-4.00543212890625e-05,-0.00091552734375,-0.00019741058349609375,-0.00030231475830078125,6275,122.35851287841797,4.806955337524414,20.187286376953125,3.0050530433654785,69.32875061035156,4.2388596534729,21.443233489990234,3.0654091835021973,0.7529983300440262,1.0,0.0007482827908800377
0.29095912824553877,0.261713445186615,0.0340268649160862,0.2154165357351303,1.234572410583496,-9.965896606445312e-05,-0.0010485649108886719,-0.0002827644348144531,-0.0003490447998046875,6300,122.34632110595703,4.80685567855835,20.16613006591797,3.00400447845459,69.30915069580078,4.238576889038086,21.43575096130371,3.0650601387023926,0.7607408531956885,1.0,0.0007208109055520356
0.29079568371747766,0.2621602416038513,0.034164078533649445,0.21567922830581665,1.2351343631744385,-0.00014543533325195312,-0.001154184341430664,-0.0005922317504882812,-0.0003991127014160156,6325,122.32852935791016,4.806710243225098,20.142868041992188,3.002850294113159,69.26811218261719,4.237984657287598,21.427196502685547,3.0646610260009766,0.7678761196295734,1.0,0.00069230565862977
0.2906281797930736,0.26259493827819824,0.034293852746486664,0.21594667434692383,1.235710620880127,-0.0001354217529296875,-0.001150369644165039,-0.0005741119384765625,-0.0004172325134277344,6350,122.31196594238281,4.806574821472168,20.11971092224121,3.001699924468994,69.22835540771484,4.237410545349121,21.41826057434082,3.064243793487549,0.7759222711401245,1.0,0.0006676695578052411
0.29040071961230207,0.2630794942378998,0.03443358466029167,0.2162313312292099,1.2364935874938965,-0.00017595291137695312,-0.0014100074768066406,-0.0006270408630371094,-0.0005602836608886719,6375,122.29045104980469,4.806398868560791,20.09136199951172,3.0002899169921875,69.1849594116211,4.236783504486084,21.40626335144043,3.06368350982666,0.7830575375740094,1.0,0.0006398292617115946
0.2902486249647965,0.2635844051837921,0.03461000323295593,0.21653243899345398,1.2370173931121826,-0.00021409988403320312,-0.0014750957489013672,-0.0009512901306152344,-0.0006031990051269531,6400,122.2642593383789,4.806184768676758,20.06174659729004,2.998814821243286,69.11917877197266,4.235832214355469,21.393354415893555,3.063080310821533,0.7894337331106726,1.0,0.0006167021307194623
0.29001758815718187,0.2641301453113556,0.03478475660085678,0.21685808897018433,1.2378134727478027,-0.00022029876708984375,-0.001684427261352539,-0.0008883476257324219,-0.0007348060607910156,6425,122.2373275756836,4.805964469909668,20.027978897094727,2.9971303939819336,69.05780792236328,4.234943866729736,21.377639770507812,3.062345504760742,0.7996052831334447,1.0,0.0005909030614975209
0.28982300126402244,0.26467323303222656,0.034982383251190186,0.21721243858337402,1.2384848594665527,-0.00026702880859375,-0.0017342567443847656,-0.0010628700256347656,-0.0008678436279296875,6450,122.20469665527344,4.805697441101074,19.99327850341797,2.995396137237549,68.98444366455078,4.233880996704102,21.359094619750977,3.0614776611328125,0.8071959921056626,1.0,0.0005703931850510564
0.2895867659431849,0.2652634382247925,0.035183314234018326,0.21760466694831848,1.23930025100708,-0.0002307891845703125,-0.0018873214721679688,-0.001071929931640625,-0.0009698867797851562,6475,122.17649841308594,4.805466651916504,19.95557975769043,2.993508815765381,68.91053771972656,4.232809066772461,21.338388442993164,3.0605077743530273,0.8153939577956582,1.0,0.0005465839791222536
0.28936663877911417,0.26588213443756104,0.035406917333602905,0.21802926063537598,1.240060806274414,-0.0001964569091796875,-0.002018451690673828,-0.0012578964233398438,-0.0011327266693115234,6500,122.15249633789062,4.805270195007324,19.915342330932617,2.991490364074707,68.82390594482422,4.231551170349121,21.314231872558594,3.059375047683716,0.8248064369212085,1.0,0.0005255826039112376
0.2890721737007908,0.26649805903434753,0.035613685846328735,0.21846073865890503,1.2410788536071777,-0.00034427642822265625,-0.0021796226501464844,-0.0011615753173828125,-0.0013277530670166016,6525,122.1104507446289,4.804925918579102,19.871980667114258,2.9893107414245605,68.74401092529297,4.230389595031738,21.28594970703125,3.058047294616699,0.8320935175345378,1.0,0.0005037330441565658
0.28876871582503466,0.26712942123413086,0.035813108086586,0.21891960501670837,1.2421293258666992,-0.0002460479736328125,-0.0022139549255371094,-0.001163482666015625,-0.00139617919921875,6550,122.08040618896484,4.804679870605469,19.828035354614258,2.9870967864990234,68.66407012939453,4.229226112365723,21.25625228881836,3.0566511154174805,0.839380598147867,1.0,0.0004865893850140643
0.28852313121687684,0.2677469849586487,0.036035291850566864,0.21939076483249664,1.2429800033569336,-0.0003223419189453125,-0.0021076202392578125,-0.0012569427490234375,-0.001432180404663086,6575,122.04106140136719,4.804357528686523,19.786287307739258,2.9849891662597656,68.57781982421875,4.227969169616699,21.225831985473633,3.0552189350128174,0.8422650675573099,1.0,0.00046784350014714794
0.28822902298766884,0.26838523149490356,0.03624679148197174,0.21988654136657715,1.24399995803833,-0.0001983642578125,-0.002242565155029297,-0.0012226104736328125,-0.0015270709991455078,6600,122.01685333251953,4.804159164428711,19.741966247558594,2.9827466011047363,68.49402618408203,4.226746559143066,21.193443298339844,3.053691864013672,0.8492485198117504,1.0,0.00044896064471294355
0.2879400607221433,0.2690010666847229,0.03645860403776169,0.2203674018383026,1.2450029850006104,-0.0002498626708984375,-0.0021517276763916016,-0.0011487007141113281,-0.0014886856079101562,6625,121.98636627197266,4.8039093017578125,19.69953155517578,2.9805948734283447,68.41539001464844,4.225597858428955,21.161916732788086,3.0522031784057617,0.8556247153484136,1.0,0.00043057646515926387
0.2876205761753678,0.26962175965309143,0.03665709123015404,0.22085528075695038,1.2461130619049072,-0.00018310546875,-0.0021491050720214844,-0.0010390281677246094,-0.0015172958374023438,6650,121.96403503417969,4.8037261962890625,19.65723991394043,2.9784457683563232,68.34434509277344,4.2245588302612305,21.129833221435547,3.0506858825683594,0.8606345832700775,1.0,0.0004150745655511639
0.28729675613196837,0.27024272084236145,0.03685466945171356,0.22135555744171143,1.247239589691162,-0.00022125244140625,-0.0021169185638427734,-0.0009903907775878906,-0.001495361328125,6675,121.93705749511719,4.803504943847656,19.615673065185547,2.9763288497924805,68.27669525146484,4.223568439483643,21.09825897216797,3.0491905212402344,0.8624563534234098,1.0,0.0003990221742917153
0.2869844676371076,0.2708297669887543,0.03702752664685249,0.22183455526828766,1.2483272552490234,-0.00014448165893554688,-0.0019702911376953125,-0.0008826255798339844,-0.0014312267303466797,6700,121.91943359375,4.803360462188721,19.577062606811523,2.974358558654785,68.2164535522461,4.222685813903809,21.068084716796875,3.0477592945098877,0.8680734780628511,1.0,0.0003836958757076943
0.28668387540578283,0.27138304710388184,0.03720541670918465,0.2222951054573059,1.2493751049041748,-0.00017499923706054688,-0.001901388168334961,-0.0008535385131835938,-0.0014472007751464844,6725,121.89810180664062,4.80318546295166,19.539873123168945,2.97245717048645,68.15825653076172,4.221832275390625,21.037612915039062,3.046312093734741,0.871413390010627,1.0,0.00036955656055400637
0.28639224427970467,0.2719295918941498,0.037377916276454926,0.22275061905384064,1.2503929138183594,-0.0001373291015625,-0.001889944076538086,-0.0008721351623535156,-0.0014004707336425781,6750,121.88136291503906,4.803048133850098,19.502979278564453,2.970567226409912,68.09883880615234,4.2209601402282715,21.008174896240234,3.0449116230010986,0.876878700470624,1.0,0.00035274508541623497
0.28606647145717573,0.27247288823127747,0.037522487342357635,0.22319576144218445,1.2515311241149902,-0.000152587890625,-0.00179290771484375,-0.0006546974182128906,-0.0013132095336914062,6775,121.8627700805664,4.802895545959473,19.46804428100586,2.9687743186950684,68.05426788330078,4.220305442810059,20.98060417175293,3.0435984134674072,0.8809776833156217,1.0,0.0003400222111386422
0.28566012014836134,0.27301880717277527,0.037633515894412994,0.22365203499794006,1.2529525756835938,-7.152557373046875e-05,-0.0018210411071777344,-0.00039958953857421875,-0.0013282299041748047,6800,121.85404968261719,4.802824020385742,19.4326229095459,2.9669532775878906,68.0270767211914,4.219905853271484,20.952754974365234,3.0422701835632324,0.8844694094428419,1.0,0.00032705727628099554
0.2852677531709396,0.27353739738464355,0.03773459047079086,0.22410278022289276,1.2543270587921143,-8.535385131835938e-05,-0.0016663074493408203,-0.0002918243408203125,-0.0012753009796142578,6825,121.8436508178711,4.802738666534424,19.400270462036133,2.96528697013855,68.00723266601562,4.219614028930664,20.92605209350586,3.040994882583618,0.8864429937756186,1.0,0.0003146930575611045
0.28493286567526943,0.2740400433540344,0.03784266486763954,0.22454117238521576,1.2555017471313477,-3.337860107421875e-05,-0.0015170574188232422,-0.00034236907958984375,-0.0011203289031982422,6850,121.83958435058594,4.80270528793335,19.370861053466797,2.9637699127197266,67.98394775390625,4.219271659851074,20.902620315551758,3.03987455368042,0.8905419766206164,1.0,0.0003015451310390592
0.2845768162458177,0.2745198607444763,0.03793627396225929,0.22494666278362274,1.2567520141601562,-8.487701416015625e-05,-0.0015573501586914062,-0.0003070831298828125,-0.0011403560638427734,6875,121.8292465209961,4.8026204109191895,19.340717315673828,2.962212562561035,67.96308135986328,4.218964576721191,20.87879753112793,3.038734197616577,0.8955518445422802,1.0,0.00028956493645448375
0.2842686235459072,0.27500322461128235,0.03806127607822418,0.22534425556659698,1.2578353881835938,-4.0531158447265625e-05,-0.0015497207641601562,-0.00046634674072265625,-0.0010902881622314453,6900,121.82430267333984,4.802579879760742,19.310762405395508,2.960662841796875,67.93138885498047,4.218498229980469,20.856046676635742,3.0376439094543457,0.8990435706695006,1.0,0.0002779633605720384
0.28393446271230105,0.2754555344581604,0.03814919292926788,0.2256992757320404,1.2590117454528809,-8.58306884765625e-05,-0.0014500617980957031,-0.00027370452880859375,-0.0009760856628417969,6925,121.81385040283203,4.802494049072266,19.282785415649414,2.9592127799987793,67.91280364990234,4.21822452545166,20.8356990814209,3.036667823791504,0.9014725975406103,1.0,0.0002672834109858505
0.2835855676441977,0.2759198844432831,0.03822750598192215,0.226051464676857,1.2602412700653076,1.52587890625e-05,-0.0013878345489501953,-0.0001583099365234375,-0.0008456707000732422,6950,121.81570434570312,4.802509307861328,19.25604248046875,2.957824945449829,67.90205383300781,4.218066215515137,20.818086624145508,3.0358221530914307,0.9045088811294975,1.0,0.00025674703321485663
0.283228231120012,0.276387095451355,0.03831774368882179,0.22639861702919006,1.2615022659301758,-5.53131103515625e-05,-0.0014560222625732422,-0.00019502639770507812,-0.0008823871612548828,6975,121.80897521972656,4.802453994750977,19.22802734375,2.956368923187256,67.88880920410156,4.217871189117432,20.799724578857422,3.034939765930176,0.9073933505389403,1.0,0.0002468770313701077
0.28293638718392156,0.2768406271934509,0.038417115807533264,0.22674284875392914,1.262533187866211,-7.2479248046875e-05,-0.0012965202331542969,-0.0002655982971191406,-0.0007677078247070312,7000,121.8001480102539,4.80238151550293,19.203113555908203,2.9550724029541016,67.87078094482422,4.2176055908203125,20.783761978149414,3.0341720581054688,0.9101260057689389,1.0,0.00023676035847365698
0.28258286066172683,0.27730822563171387,0.03849335014820099,0.22708332538604736,1.2637834548950195,-5.6743621826171875e-05,-0.00139617919921875,-0.00014591217041015625,-0.0007727146148681641,7025,121.79322814941406,4.8023247718811035,19.176321029663086,2.953676223754883,67.86087799072266,4.217459678649902,20.767709732055664,3.0333993434906006,0.9122514042811598,1.0,0.00022733190358787363
0.28229249586509236,0.27774515748023987,0.03856814652681351,0.22739486396312714,1.2648115158081055,-0.00015783309936523438,-0.0012292861938476562,-0.00020122528076171875,-0.0006744861602783203,7050,121.77400970458984,4.802166938781738,19.152761459350586,2.952446937561035,67.84722137451172,4.217258453369141,20.753705978393555,3.0327248573303223,0.9158949445878245,1.0,0.00021845011449919606
0.2820036966984237,0.2781861424446106,0.03865101933479309,0.2277108132839203,1.2658350467681885,-0.0001430511474609375,-0.0012142658233642578,-0.00019073486328125,-0.0006196498870849609,7075,121.756591796875,4.802023887634277,19.129520416259766,2.951232671737671,67.83428955078125,4.217067718505859,20.7408504486084,3.0321052074432373,0.9192348565356004,1.0,0.00021008328389411713
0.28173791865953524,0.2785942852497101,0.03873436152935028,0.22798685729503632,1.2667779922485352,-0.00014972686767578125,-0.0011622905731201172,-0.0002193450927734375,-0.0005781650543212891,7100,121.73836517333984,4.801874160766602,19.107297897338867,2.950070381164551,67.81940460205078,4.216848373413086,20.728862762451172,3.031527042388916,0.9231820252011538,1.0,0.0002019470661733706
0.2814849321599874,0.27900177240371704,0.03880767524242401,0.22827479243278503,1.2676763534545898,-0.0001926422119140625,-0.001132965087890625,-0.0002346038818359375,-0.0006020069122314453,7125,121.71491241455078,4.8016815185546875,19.085662841796875,2.94893741607666,67.80349731445312,4.21661376953125,20.716386795043945,3.0309250354766846,0.9251556095339305,1.0,0.0001935116061371501
0.2812585959516823,0.27939149737358093,0.038887254893779755,0.22856135666370392,1.2684807777404785,-0.00018215179443359375,-0.0010457038879394531,-0.00024127960205078125,-0.0005843639373779297,7150,121.6927490234375,4.801499366760254,19.065715789794922,2.9478917121887207,67.78713989257812,4.216372489929199,20.70428466796875,3.0303406715393066,0.9287991498405951,1.0,0.00018568168981335754
0.2810347342818532,0.2797449827194214,0.03895298391580582,0.22882139682769775,1.2692770957946777,-0.00017690658569335938,-0.0009322166442871094,-0.00013589859008789062,-0.0004944801330566406,7175,121.67121887207031,4.8013224601745605,19.047950744628906,2.9469594955444336,67.77792358398438,4.216236591339111,20.694049835205078,3.02984619140625,0.9318354334294823,1.0,0.00017824113878624778
0.2808055380561315,0.2801703214645386,0.0390423908829689,0.22912199795246124,1.2700929641723633,-0.00015783309936523438,-0.0010786056518554688,-0.0002627372741699219,-0.0005102157592773438,7200,121.65201568603516,4.801164627075195,19.02741813659668,2.945880889892578,67.76012420654297,4.215973854064941,20.683494567871094,3.0293359756469727,0.9332017610444816,1.0,0.00017137920505522
0.28062535692239576,0.2805528938770294,0.03914732486009598,0.22939322888851166,1.2707347869873047,-0.000194549560546875,-0.0010342597961425781,-0.0003924369812011719,-0.0004930496215820312,7225,121.62834930419922,4.800970077514648,19.007747650146484,2.9448466300964355,67.73353576660156,4.21558141708374,20.673297882080078,3.0288429260253906,0.9371489297100349,1.0,0.00016392714359723612
0.28044990187269603,0.2809752821922302,0.039263512939214706,0.22971147298812866,1.271360158920288,-0.00011348724365234375,-0.001047372817993164,-0.0004220008850097656,-0.0004987716674804688,7250,121.61454772949219,4.800856590270996,18.98784828186035,2.9437992572784424,67.7049560546875,4.2151594161987305,20.66299057006836,3.02834415435791,0.9395779565811446,1.0,0.00015793783427414126
0.28030321821976156,0.2813757061958313,0.039397355169057846,0.22998887300491333,1.271883249282837,-0.00013256072998046875,-0.0010943412780761719,-0.0005712509155273438,-0.0004642009735107422,7275,121.59843444824219,4.800724029541016,18.96708106994629,2.942704916000366,67.66629791259766,4.214588165283203,20.653400421142578,3.0278799533843994,0.9415515409139213,1.0,0.00015156552468889876
0.28015854275819496,0.28177377581596375,0.03954141214489937,0.2302730679512024,1.272399663925171,-9.72747802734375e-05,-0.0011000633239746094,-0.000583648681640625,-0.0005080699920654297,7300,121.58659362792969,4.800626754760742,18.94622802734375,2.9416048526763916,67.6268081665039,4.2140045166015625,20.64291000366211,3.027371883392334,0.945195081220586,1.0,0.00014544237259398184
0.2799840302627394,0.282162606716156,0.03966166824102402,0.23053991794586182,1.2730226516723633,-0.00016021728515625,-0.001085519790649414,-0.00046253204345703125,-0.00045680999755859375,7325,121.5671157836914,4.800466537475586,18.92567253112793,2.940519332885742,67.59554290771484,4.2135419845581055,20.633481979370117,3.0269150733947754,0.9461059662972522,1.0,0.00013935419757945186
0.27979150952016807,0.2825958728790283,0.0398041270673275,0.23084069788455963,1.2737104892730713,-8.153915405273438e-05,-0.0012896060943603516,-0.0006017684936523438,-0.0005621910095214844,7350,121.55720520019531,4.800384998321533,18.901281356811523,2.939229726791382,67.55487823486328,4.212940216064453,20.621885299682617,3.026352882385254,0.9479277364505845,1.0,0.00013386770665771338
0.27963895097215985,0.2830287218093872,0.039964862167835236,0.23114705085754395,1.2742559909820557,-0.00011348724365234375,-0.001255035400390625,-0.00070953369140625,-0.0005483627319335938,7375,121.54341125488281,4.800271511077881,18.877574920654297,2.937974691390991,67.5069580078125,4.212230682373047,20.610580444335938,3.0258045196533203,0.9492940640655837,1.0,0.00012847056074147487
0.27944372655981153,0.28345227241516113,0.040114887058734894,0.23145049810409546,1.2749543190002441,-0.00012731552124023438,-0.0013687610626220703,-0.0006704330444335938,-0.0006842613220214844,7400,121.52793884277344,4.800144195556641,18.85175323486328,2.936605930328369,67.46171569824219,4.211560249328613,20.596477508544922,3.025120258331299,0.9511158342189161,1.0,0.00012319615290782063
0.2792199859810222,0.28389573097229004,0.04025132954120636,0.2317684292793274,1.2757554054260254,-0.0001125335693359375,-0.0014219284057617188,-0.0006208419799804688,-0.0006623268127441406,7425,121.51421356201172,4.800031661987305,18.824968338012695,2.9351840019226074,67.41984558105469,4.210939407348633,20.582843780517578,3.0244579315185547,0.9533930469105815,1.0,0.00011846484269215485
0.2789903254607735,0.28433382511138916,0.04039318859577179,0.23208624124526978,1.2765781879425049,-0.00018978118896484375,-0.0014603137969970703,-0.0006375312805175781,-0.0007505416870117188,7450,121.4912109375,4.79984188079834,18.797496795654297,2.9337236881256104,67.37687683105469,4.210301876068115,20.567401885986328,3.023707389831543,0.9562775163200243,1.0,0.00011322944585148451
0.2787330952963277,0.2848179340362549,0.040551356971263885,0.23244352638721466,1.2775006294250488,-0.00010824203491210938,-0.0015032291412353516,-0.0005807876586914062,-0.00079345703125,7475,121.47805786132812,4.799733638763428,18.76926040649414,2.932220458984375,67.33775329589844,4.209721088409424,20.551088333129883,3.022913932800293,0.958706543191134,1.0,0.00010909103657519788
0.24550990173913678,0.32562872767448425,0.04135799780488014,0.23330175876617432,1.4044179916381836,0.0029001235961914062,-0.1277322769165039,-0.0008149147033691406,-0.0011038780212402344,7500,121.83086395263672,4.802633762359619,16.518619537353516,2.804488182067871,67.28290557861328,4.208906173706055,20.52841567993164,3.0218100547790527,0.9644754820100198,1.0,0.0001403846745633386
0.248549264890244,0.3240506947040558,0.04190349206328392,0.23656602203845978,1.3921141624450684,-0.0010561943054199219,0.007493495941162109,-0.004810333251953125,-0.013273239135742188,7525,121.70225524902344,4.801577568054199,16.642866134643555,2.811981678009033,66.96002960205078,4.204095840454102,20.25773811340332,3.0085368156433105,0.9678153939577957,1.0,0.00010049148197519322
0.25292956501497493,0.3188619911670685,0.04229871928691864,0.23761489987373352,1.3746442794799805,-0.0013380050659179688,0.014925956726074219,-0.002543926239013672,-0.003635883331298828,7550,121.5395278930664,4.800239562988281,16.89314079284668,2.8269076347351074,66.78990173339844,4.201551914215088,20.184215545654297,3.0049009323120117,0.9694853499316837,1.0,9.268849778125554e-05
0.25733263404147677,0.3146352767944336,0.042981769889593124,0.23874394595623016,1.3573856353759766,0.00019073486328125,0.015547752380371094,-0.0017108917236328125,-0.002638578414916992,7575,121.5627212524414,4.8004302978515625,17.1578426361084,2.8424553871154785,66.67573547363281,4.199841022491455,20.13102912902832,3.0022623538970947,0.9710034917261272,1.0,8.731112327687554e-05
0.2600953897254097,0.3115236163139343,0.04323664307594299,0.24010422825813293,1.3467068672180176,-0.0012521743774414062,0.009092330932617188,-0.0015864372253417969,-0.007132530212402344,7600,121.41059875488281,4.799178123474121,17.314559936523438,2.8515477180480957,66.57003784179688,4.198254585266113,19.98795509338379,2.9951298236846924,0.9719143768027934,1.0,8.392916392037628e-05
0.2621178441998422,0.3086702823638916,0.04327651113271713,0.2407221496105194,1.338961124420166,-0.0017590522766113281,0.006083488464355469,-0.0016622543334960938,-0.006290912628173828,7625,121.19721221923828,4.79741907119751,17.42021369934082,2.857631206512451,66.45947265625,4.196592330932617,19.862607955932617,2.9888389110565186,0.9747988462122362,1.0,8.098497465110967e-05
0.26366321499342577,0.30629634857177734,0.04328400641679764,0.2409375160932541,1.333082675933838,-0.0015110969543457031,0.004354953765869141,-0.0015234947204589844,-0.0045244693756103516,7650,121.01421356201172,4.795907974243164,17.49624252319336,2.8619861602783203,66.3582992553711,4.195068836212158,19.77294158935547,2.984314441680908,0.9764688021861242,1.0,7.779185229112591e-05
0.26489021265228285,0.30445271730422974,0.04335358738899231,0.24101522564888,1.328439712524414,-0.0010747909545898438,0.0032186508178710938,-0.0014243125915527344,-0.0029773712158203125,7675,120.88421630859375,4.794833183288574,17.55264663696289,2.8652048110961914,66.26385498046875,4.1936445236206055,19.71415901184082,2.981337070465088,0.9782905723394565,1.0,7.523795337069543e-05
0.2658751510453403,0.30316096544265747,0.043479517102241516,0.24112170934677124,1.3247284889221191,-0.00060272216796875,0.0023703575134277344,-0.0013408660888671875,-0.0016384124755859375,7700,120.8113784790039,4.7942304611206055,17.594303131103516,2.867575168609619,66.17505645751953,4.192303657531738,19.681884765625,2.979698657989502,0.9785942006983452,1.0,7.223483443450451e-05
0.26667833464769425,0.3023242950439453,0.04367866367101669,0.24130746722221375,1.3217120170593262,-0.00020503997802734375,0.0016531944274902344,-0.0013632774353027344,-0.0007927417755126953,7725,120.78662109375,4.794025421142578,17.6234130859375,2.8692283630371094,66.08490753173828,4.1909403800964355,19.666288375854492,2.9789059162139893,0.9792014574161226,1.0,6.941920285883592e-05
0.26729264322849833,0.3018744885921478,0.04392021521925926,0.2415827214717865,1.319411277770996,0.00012111663818359375,0.001079559326171875,-0.0012211799621582031,-0.00024080276489257812,7750,120.80123901367188,4.794146537780762,17.6424503326416,2.8703079223632812,66.0042495727539,4.189719200134277,19.66155433654785,2.9786651134490967,0.9801123424927888,1.0,6.687633623418542e-05
0.2677458466781634,0.30170294642448425,0.044191066175699234,0.24193860590457916,1.3177170753479004,0.0003452301025390625,0.0005059242248535156,-0.0011882781982421875,4.935264587402344e-05,7775,120.84294891357422,4.794491767883301,17.651378631591797,2.8708138465881348,65.92587280273438,4.188530921936035,19.66252326965332,2.9787144660949707,0.9811750417488994,1.0,6.437873606969227e-05
0.268128233112954,0.301733136177063,0.044524528086185455,0.24232617020606995,1.3162899017333984,0.0004673004150390625,0.00015306472778320312,-0.00127410888671875,0.0002841949462890625,7800,120.89937591552734,4.79495906829834,17.65407943725586,2.870966911315918,65.84192657470703,4.187256813049316,19.668113708496094,2.9789986610412598,0.9831486260816761,1.0,6.146000609288459e-05
0.26841260235451053,0.3019118905067444,0.04486297070980072,0.24273979663848877,1.315229892730713,0.0004849433898925781,-0.00020170211791992188,-0.0012617111206054688,0.0002989768981933594,7825,120.95808410644531,4.795444011688232,17.6505184173584,2.870765209197998,65.75890350341797,4.185995101928711,19.673994064331055,2.979297637939453,0.9839076969788978,1.0,5.879202752326177e-05
0.26867756476393173,0.302221417427063,0.04526342451572418,0.24315664172172546,1.3142433166503906,0.0005216598510742188,-0.0004944801330566406,-0.0014810562133789062,0.0002655982971191406,7850,121.02119445800781,4.795965671539307,17.641794204711914,2.8702707290649414,65.66158294677734,4.184514045715332,19.679218292236328,2.9795632362365723,0.9845149536966753,1.0,5.6400183294402255e-05
0.2688600390780459,0.30264103412628174,0.04567462205886841,0.24360622465610504,1.3135643005371094,0.0004830360412597656,-0.0008821487426757812,-0.0015611648559570312,6.914138793945312e-05,7875,121.07966613769531,4.796448707580566,17.626237869262695,2.8693885803222656,65.55915832519531,4.182952880859375,19.680580139160156,2.9796323776245117,0.9858812813116745,1.0,5.4068340074683825e-05
0.26898152675257436,0.30310383439064026,0.04607151821255684,0.24404531717300415,1.313112497329712,0.00042819976806640625,-0.0010678768157958984,-0.0015196800231933594,-5.745887756347656e-05,7900,121.13152313232422,4.796876907348633,17.607423782348633,2.8683207035064697,65.45960235595703,4.181433200836182,19.67945098876953,2.9795749187469482,0.9867921663883407,1.0,5.18500360154991e-05
0.26896941994489876,0.3036550283432007,0.046433378010988235,0.24450570344924927,1.313157558441162,0.0005006790161132812,-0.0013968944549560547,-0.0013518333435058594,-0.000240325927734375,7925,121.19218444824219,4.797377586364746,17.58284568786621,2.8669238090515137,65.37117004394531,4.180081367492676,19.674720764160156,2.979334592819214,0.986943980567785,1.0,4.9657685206883735e-05
0.2689310656382213,0.3042312264442444,0.04679340124130249,0.24495567381381989,1.3133001327514648,0.0004248619079589844,-0.0015206336975097656,-0.0013780593872070312,-0.00039315223693847656,7950,121.24368286132812,4.797802448272705,17.556129455566406,2.865403175354004,65.2811508178711,4.178703308105469,19.6669864654541,2.9789414405822754,0.9875512372855625,1.0,4.7497194161393414e-05
0.2688741492824825,0.3047916889190674,0.04715190827846527,0.24537067115306854,1.313511848449707,0.0003685951232910156,-0.0015950202941894531,-0.0013833045959472656,-0.00046253204345703125,7975,121.28839111328125,4.798171043395996,17.52815055847168,2.8638081550598145,65.19091033935547,4.1773200035095215,19.657894134521484,2.9784789085388184,0.9884621223622286,1.0,4.5650688295372586e-05
0.2687528715432037,0.30536091327667236,0.047467976808547974,0.24576435983181,1.3139629364013672,0.0003032684326171875,-0.0016841888427734375,-0.0012331008911132812,-0.0005860328674316406,8000,121.3251724243164,4.798474311828613,17.498653411865234,2.862123966217041,65.1105728149414,4.176086902618408,19.64637565612793,2.9778928756713867,0.989069379080006,1.0,4.363803919877914e-05
0.26863195233880627,0.30589863657951355,0.04777224734425545,0.24612891674041748,1.314413070678711,0.00015735626220703125,-0.0016932487487792969,-0.0012431144714355469,-0.0006046295166015625,8025,121.3442611694336,4.79863166809082,17.46904945373535,2.8604307174682617,65.02967834472656,4.174843788146973,19.63450050354004,2.977288246154785,0.989069379080006,1.0,4.1866936909907263e-05
0.26851670098531844,0.30640706419944763,0.04805930703878403,0.2464594542980194,1.3148422241210938,0.00014495849609375,-0.0016980171203613281,-0.0012688636779785156,-0.0006783008575439453,8050,121.36186218261719,4.798776626586914,17.439411163330078,2.8587327003479004,64.94721221923828,4.173574924468994,19.621187210083008,2.976609945297241,0.9895248216183391,1.0,4.01384971185789e-05
