x_km,y_km,z_km,vx_kms,vy_kms,vz_kms
8.9808640391e+07,-7.7631061833e+08,1.2150350982e+06,1.2834551586e+01,2.1209396663e+00,-2.9595304318e-01
1.0088798999e+08,-7.7439816114e+08,9.5919195194e+05,1.2813705990e+01,2.3067180715e+00,-2.9620939063e-01
1.1194648718e+08,-7.7232398551e+08,7.0317109603e+05,1.2784062333e+01,2.4927359573e+00,-2.9648862613e-01
1.2298160554e+08,-7.7008944452e+08,4.4697920810e+05,1.2758479934e+01,2.6803076988e+00,-2.9654620601e-01
1.3399101622e+08,-7.6769335228e+08,1.9071384771e+05,1.2726534225e+01,2.8663368351e+00,-2.9663421651e-01
1.4497243636e+08,-7.6513676262e+08,-6.5601678400e+04,1.2692009394e+01,3.0516845652e+00,-2.9668920160e-01
1.5592337239e+08,-7.6241969554e+08,-3.2191038139e+05,1.2657716002e+01,3.2386832778e+00,-2.9656037816e-01
1.6684162691e+08,-7.5954175552e+08,-5.7813393361e+05,1.2616320436e+01,3.4225135775e+00,-2.9654655233e-01
1.7772469469e+08,-7.5650431583e+08,-8.3425829323e+05,1.2574988863e+01,3.6077748299e+00,-2.9636653223e-01
1.8857035073e+08,-7.5330651865e+08,-1.0901879977e+06,1.2529703867e+01,3.7945748918e+00,-2.9605868044e-01
1.9937608328e+08,-7.4994954091e+08,-1.3458988853e+06,1.2482756890e+01,3.9769306565e+00,-2.9583036885e-01
2.1013949021e+08,-7.4643349635e+08,-1.6013281656e+06,1.2432835569e+01,4.1618990164e+00,-2.9542032405e-01
2.2085839847e+08,-7.4275830774e+08,-1.8564009488e+06,1.2378808851e+01,4.3456053179e+00,-2.9500313824e-01
2.3153009967e+08,-7.3892544704e+08,-2.1111024854e+06,1.2324627164e+01,4.5264280977e+00,-2.9457410431e-01
2.4215257467e+08,-7.3493417754e+08,-2.3653312688e+06,1.2263370182e+01,4.7111123581e+00,-2.9397032437e-01
2.5272324620e+08,-7.3078600343e+08,-2.6190679216e+06,1.2203853408e+01,4.8924859345e+00,-2.9334351046e-01
2.6323958420e+08,-7.2648114320e+08,-2.8722475365e+06,1.2140723060e+01,5.0726054231e+00,-2.9267520197e-01
2.7369959383e+08,-7.2201965400e+08,-3.1247893602e+06,1.2071134656e+01,5.2542123704e+00,-2.9192427495e-01
2.8410044465e+08,-7.1740333035e+08,-3.3766837173e+06,1.2004982130e+01,5.4325289437e+00,-2.9111450736e-01
2.9444009944e+08,-7.1263150720e+08,-3.6278238062e+06,1.1929775773e+01,5.6114990740e+00,-2.9026920321e-01
3.0471612566e+08,-7.0770588051e+08,-3.8781876432e+06,1.1854558521e+01,5.7905054094e+00,-2.8929601236e-01
3.1492590862e+08,-7.0262703088e+08,-4.1277183948e+06,1.1779749665e+01,5.9673066535e+00,-2.8824766320e-01
3.2506746084e+08,-6.9739504872e+08,-4.3763305451e+06,1.1695940341e+01,6.1429062587e+00,-2.8724499594e-01
3.3513807964e+08,-6.9201195578e+08,-4.6240148015e+06,1.1614971514e+01,6.3182649748e+00,-2.8607461638e-01
3.4513569132e+08,-6.8647738261e+08,-4.8706693426e+06,1.1528296446e+01,6.4924837725e+00,-2.8487857554e-01
3.5505787521e+08,-6.8079302558e+08,-5.1162655632e+06,1.1438036658e+01,6.6648400455e+00,-2.8367038802e-01
3.6490219025e+08,-6.7495977411e+08,-5.3607490899e+06,1.1348892778e+01,6.8386069918e+00,-2.8223600264e-01
3.7466655798e+08,-6.6897795678e+08,-5.6040376587e+06,1.1253729768e+01,7.0086604944e+00,-2.8088470084e-01
3.8434828994e+08,-6.6284961342e+08,-5.8461160747e+06,1.1157828042e+01,7.1769690853e+00,-2.7946729561e-01
3.9394551668e+08,-6.5657470203e+08,-6.0868856907e+06,1.1057710664e+01,7.3474371905e+00,-2.7787680315e-01
4.0345568534e+08,-6.5015509249e+08,-6.3263207363e+06,1.0955706102e+01,7.5126765535e+00,-2.7636654566e-01
4.1287649566e+08,-6.4359175133e+08,-6.5643627823e+06,1.0851264789e+01,7.6793503717e+00,-2.7467669681e-01
4.2220602526e+08,-6.3688533679e+08,-6.8009337898e+06,1.0743293666e+01,7.8454305537e+00,-2.7291024452e-01
4.3144141327e+08,-6.3003802742e+08,-7.0360203811e+06,1.0635834623e+01,8.0055952432e+00,-2.7120311883e-01
4.4058100677e+08,-6.2304986576e+08,-7.2695178426e+06,1.0520787485e+01,8.1688103424e+00,-2.6933545472e-01
4.4962231410e+08,-6.1592302461e+08,-7.5014039891e+06,1.0406514831e+01,8.3288095844e+00,-2.6742805416e-01
4.5856294318e+08,-6.0865861345e+08,-7.7316203317e+06,1.0289999278e+01,8.4862989578e+00,-2.6547491850e-01
4.6740120625e+08,-6.0125741362e+08,-7.9600836315e+06,1.0166977369e+01,8.6454082981e+00,-2.6340153376e-01
4.7613422756e+08,-5.9372195249e+08,-8.1867881111e+06,1.0048135503e+01,8.7995184915e+00,-2.6129128114e-01
4.8476034539e+08,-5.8605238974e+08,-8.4116289113e+06,9.9211596769e+00,8.9527460407e+00,-2.5916737629e-01
4.9327728595e+08,-5.7825101258e+08,-8.6345803477e+06,9.7922268197e+00,9.1051891783e+00,-2.5695279226e-01
5.0168268703e+08,-5.7031929195e+08,-8.8555921090e+06,9.6648217123e+00,9.2552950328e+00,-2.5462502384e-01
5.0997490054e+08,-5.6225807366e+08,-9.0745780411e+06,9.5292080742e+00,9.4039388081e+00,-2.5230890870e-01
5.1815124453e+08,-5.5407006836e+08,-9.2915317799e+06,9.3963001609e+00,9.5505574608e+00,-2.4986360899e-01
5.2621009146e+08,-5.4575578362e+08,-9.5063562353e+06,9.2594202227e+00,9.6955134436e+00,-2.4736390861e-01
5.3414918342e+08,-5.3731750003e+08,-9.7190205698e+06,9.1178109933e+00,9.8365714876e+00,-2.4492459955e-01
5.4196641319e+08,-5.2875694297e+08,-9.9294762378e+06,8.9770473968e+00,9.9785770775e+00,-2.4226149164e-01
5.4966016437e+08,-5.2007525936e+08,-1.0137644552e+07,8.8315694400e+00,1.0117796653e+01,-2.3960184611e-01
5.5722781047e+08,-5.1127517673e+08,-1.0343516837e+07,8.6856947771e+00,1.0252789314e+01,-2.3693674328e-01
5.6466802197e+08,-5.0235750730e+08,-1.0547000855e+07,8.5366789669e+00,1.0389711337e+01,-2.3407093549e-01
5.7197848914e+08,-4.9332472764e+08,-1.0748071214e+07,8.3858319131e+00,1.0519979087e+01,-2.3131818206e-01
5.7915725511e+08,-4.8417858533e+08,-1.0946675502e+07,8.2322587210e+00,1.0649735756e+01,-2.2844826753e-01
5.8620299072e+08,-4.7492051992e+08,-1.1142738676e+07,8.0752472708e+00,1.0780384777e+01,-2.2542675794e-01
5.9311298509e+08,-4.6555343169e+08,-1.1336256644e+07,7.9200527658e+00,1.0903540569e+01,-2.2247971714e-01
5.9988613977e+08,-4.5607820478e+08,-1.1527133450e+07,7.7584937913e+00,1.1028582871e+01,-2.1937855275e-01
6.0652031978e+08,-4.4649759701e+08,-1.1715348888e+07,7.5973509839e+00,1.1149693965e+01,-2.1625424227e-01
6.1301352634e+08,-4.3681351663e+08,-1.1900855344e+07,7.4349160219e+00,1.1266219683e+01,-2.1313817157e-01
6.1936473277e+08,-4.2702745991e+08,-1.2083573976e+07,7.2654141947e+00,1.1384696447e+01,-2.0988795138e-01
6.2557136719e+08,-4.1714263102e+08,-1.2263508309e+07,7.1005661923e+00,1.1497855753e+01,-2.0658831343e-01
6.3163236504e+08,-4.0716006553e+08,-1.2440565874e+07,6.9302042071e+00,1.1609207128e+01,-2.0325205881e-01
6.3754585207e+08,-3.9708256743e+08,-1.2614722573e+07,6.7571940206e+00,1.1718322530e+01,-1.9987508030e-01
6.4330995036e+08,-3.8691237650e+08,-1.2785939610e+07,6.5865546488e+00,1.1823808452e+01,-1.9641477891e-01
6.4892370550e+08,-3.7665105191e+08,-1.2954137530e+07,6.4082119842e+00,1.1927526201e+01,-1.9296377347e-01
6.5438481898e+08,-3.6630188940e+08,-1.3119317650e+07,6.2317607329e+00,1.2028388244e+01,-1.8941690282e-01
6.5969238079e+08,-3.5586629967e+08,-1.3281398622e+07,6.0539831726e+00,1.2128091114e+01,-1.8574549662e-01
6.6484457558e+08,-3.4534709555e+08,-1.3440356416e+07,5.8721654132e+00,1.2222074571e+01,-1.8217963093e-01
6.6983984678e+08,-3.3474668216e+08,-1.3596155019e+07,5.6912755903e+00,1.2315189463e+01,-1.7845537377e-01
6.7467738294e+08,-3.2406690443e+08,-1.3748724639e+07,5.5065776587e+00,1.2406005866e+01,-1.7470232835e-01
6.7935498213e+08,-3.1331101258e+08,-1.3898064782e+07,5.3211404817e+00,1.2490857896e+01,-1.7100879012e-01
6.8387212869e+08,-3.0248064684e+08,-1.4044098109e+07,5.1339124003e+00,1.2578332426e+01,-1.6706427750e-01
6.8822706707e+08,-2.9157883353e+08,-1.4186809075e+07,4.9463584539e+00,1.2658723598e+01,-1.6321700501e-01
6.9241838700e+08,-2.8060795706e+08,-1.4326160385e+07,4.7570459128e+00,1.2735732213e+01,-1.5934442400e-01
6.9644565095e+08,-2.6957007757e+08,-1.4462086380e+07,4.5643344773e+00,1.2814085304e+01,-1.5530938516e-01
7.0030667466e+08,-2.5846859718e+08,-1.4594594587e+07,4.3737095326e+00,1.2883836080e+01,-1.5139026052e-01
7.0400121902e+08,-2.4730516833e+08,-1.4723607519e+07,4.1780759508e+00,1.2955125748e+01,-1.4731433687e-01
7.0752785213e+08,-2.3608302271e+08,-1.4849116066e+07,3.9834172025e+00,1.3023079695e+01,-1.4318420609e-01
7.1088518424e+08,-2.2480469255e+08,-1.4971091778e+07,3.7897564567e+00,1.3084337997e+01,-1.3910810656e-01
7.1407308558e+08,-2.1347220414e+08,-1.5089466428e+07,3.5893757415e+00,1.3146675299e+01,-1.3493367410e-01
7.1708962068e+08,-2.0208914778e+08,-1.5204253720e+07,3.3929846395e+00,1.3203183782e+01,-1.3075152950e-01
7.1993463408e+08,-1.9065730008e+08,-1.5315382440e+07,3.1932655711e+00,1.3257759840e+01,-1.2651607308e-01
7.2260700213e+08,-1.7917984154e+08,-1.5422839498e+07,2.9909578316e+00,1.3310011295e+01,-1.2224748159e-01
7.2510555303e+08,-1.6765958020e+08,-1.5526606540e+07,2.7928820877e+00,1.3357867350e+01,-1.1790430455e-01
7.2743024570e+08,-1.5609860736e+08,-1.5626620557e+07,2.5890534253e+00,1.3403026990e+01,-1.1358710079e-01
7.2957945477e+08,-1.4450046962e+08,-1.5722893829e+07,2.3858908746e+00,1.3443662943e+01,-1.0927343402e-01
7.3155328602e+08,-1.3286723882e+08,-1.5815367223e+07,2.1830413764e+00,1.3483974596e+01,-1.0480134627e-01
7.3335072087e+08,-1.2120205733e+08,-1.5904029682e+07,1.9770700271e+00,1.3518441543e+01,-1.0043586010e-01
7.3497094525e+08,-1.0950777884e+08,-1.5988864322e+07,1.7730050116e+00,1.3550950373e+01,-9.5950095774e-02
7.3641413532e+08,-9.7786755945e+07,-1.6069819768e+07,1.5674865687e+00,1.3581592882e+01,-9.1399498971e-02
7.3767875108e+08,-8.6042426964e+07,-1.6146908581e+07,1.3611891205e+00,1.3603861394e+01,-8.7017957819e-02
7.3876531913e+08,-7.4276962595e+07,-1.6220074335e+07,1.1535846874e+00,1.3628806412e+01,-8.2404852089e-02
7.3967298814e+08,-6.2493683258e+07,-1.6289316156e+07,9.4659661426e-01,1.3647819930e+01,-7.7852704095e-02
7.4040110461e+08,-5.0695373568e+07,-1.6354619710e+07,7.3943931746e-01,1.3661888532e+01,-7.3327675708e-02
7.4095028742e+08,-3.8884514196e+07,-1.6415939786e+07,5.3045487738e-01,1.3677871108e+01,-6.8617312307e-02
7.4131909133e+08,-2.7064650565e+07,-1.6473299950e+07,3.2444548946e-01,1.3683935571e+01,-6.4082000392e-02
7.4150829329e+08,-1.5237866076e+07,-1.6526645165e+07,1.1447692478e-01,1.3690261170e+01,-5.9452752377e-02
7.4151745300e+08,-3.4075484072e+06,-1.6575978695e+07,-9.4939320291e-02,1.3694508320e+01,-5.4758890270e-02
7.4134600983e+08,8.4234116465e+06,-1.6621296853e+07,-3.0122599785e-01,1.3691662964e+01,-5.0128175924e-02
7.4099488397e+08,2.0252638416e+07,-1.6662553992e+07,-5.1227963758e-01,1.3689746727e+01,-4.5399651692e-02
7.4046294860e+08,3.2076508209e+07,-1.6699779481e+07,-7.1916774192e-01,1.3681326015e+01,-4.0714587122e-02
7.3975107863e+08,4.3892845464e+07,-1.6732928839e+07,-9.2707361921e-01,1.3670053594e+01,-3.6012213266e-02
7.3885915576e+08,5.5698439202e+07,-1.6762003129e+07,-1.1381878628e+00,1.3656429689e+01,-3.1324195548e-02
7.3778694344e+08,6.7490254249e+07,-1.6787008575e+07,-1.3441965907e+00,1.3638876431e+01,-2.6569952509e-02
7.3653549161e+08,7.9265882428e+07,-1.6807908357e+07,-1.5528466712e+00,1.3619231589e+01,-2.1802574786e-02
7.3510398190e+08,9.1021882125e+07,-1.6824729816e+07,-1.7607945433e+00,1.3593718714e+01,-1.7117543993e-02
7.3349358656e+08,1.0275588942e+08,-1.6837439966e+07,-1.9664906999e+00,1.3567764247e+01,-1.2290626077e-02
7.3170428822e+08,1.1446479894e+08,-1.6846043669e+07,-2.1746934323e+00,1.3535765555e+01,-7.6090129017e-03
7.2973620486e+08,1.2614570057e+08,-1.6850546143e+07,-2.3811746677e+00,1.3501346656e+01,-2.8715528458e-03
7.2759067303e+08,1.3779599673e+08,-1.6850922157e+07,-2.5865915128e+00,1.3467037865e+01,2.0019648351e-03
7.2526695370e+08,1.4941239450e+08,-1.6847202794e+07,-2.7914632898e+00,1.3423199580e+01,6.6506222060e-03
7.2276662058e+08,1.6099256078e+08,-1.6839359073e+07,-2.9962526288e+00,1.3381261352e+01,1.1478378638e-02
7.2008988196e+08,1.7253329873e+08,-1.6827407442e+07,-3.1997197447e+00,1.3334160126e+01,1.6236738371e-02
7.1723698719e+08,1.8403187696e+08,-1.6811356523e+07,-3.4027848818e+00,1.3280939177e+01,2.0884709065e-02
7.1420973072e+08,1.9548572385e+08,-1.6791184642e+07,-3.6065107063e+00,1.3231342917e+01,2.5752483669e-02
7.1100752453e+08,2.0689150342e+08,-1.6766933730e+07,-3.8058151914e+00,1.3172310409e+01,3.0445084367e-02
7.0763211916e+08,2.1824703618e+08,-1.6738578517e+07,-4.0065651152e+00,1.3112154001e+01,3.5174448037e-02
7.0408413034e+08,2.2954919979e+08,-1.6706137944e+07,-4.2068949317e+00,1.3050466641e+01,3.9937053948e-02
7.0036391113e+08,2.4079523403e+08,-1.6669631934e+07,-4.4031960401e+00,1.2981307129e+01,4.4580585806e-02
6.9647351090e+08,2.5198275928e+08,-1.6629040672e+07,-4.6027896454e+00,1.2913749844e+01,4.9316444895e-02
6.9241272025e+08,2.6310849626e+08,-1.6584411354e+07,-4.7981362907e+00,1.2840788800e+01,5.4001634501e-02
6.8818339546e+08,2.7417021150e+08,-1.6535732666e+07,-4.9911002830e+00,1.2764812023e+01,5.8699992979e-02
6.8378641021e+08,2.8516506725e+08,-1.6483022545e+07,-5.1867143830e+00,1.2685994887e+01,6.3326481936e-02
6.7922244620e+08,2.9609032520e+08,-1.6426307683e+07,-5.3773954169e+00,1.2603130075e+01,6.7952961574e-02
6.7449366093e+08,3.0694363485e+08,-1.6365577878e+07,-5.5685615367e+00,1.2519322576e+01,7.2608675752e-02
6.6960011446e+08,3.1772203300e+08,-1.6300876842e+07,-5.7592989142e+00,1.2429903244e+01,7.7135279800e-02
6.6454396961e+08,3.2842320470e+08,-1.6232202966e+07,-5.9453627912e+00,1.2341005872e+01,8.1821010652e-02
6.5932615508e+08,3.3904443677e+08,-1.6159580843e+07,-6.1319652619e+00,1.2246179591e+01,8.6346062577e-02
6.5394762580e+08,3.4958325181e+08,-1.6083036362e+07,-6.3171727216e+00,1.2147552201e+01,9.0811990235e-02
6.4841083970e+08,3.6003722064e+08,-1.6002570546e+07,-6.4999796157e+00,1.2050865260e+01,9.5435177854e-02
6.4271591605e+08,3.7040359857e+08,-1.5918231649e+07,-6.6817759988e+00,1.1945135249e+01,9.9801145991e-02
6.3686536009e+08,3.8068024001e+08,-1.5830019746e+07,-6.8619018176e+00,1.1841631507e+01,1.0432618667e-01
6.3086033366e+08,3.9086440784e+08,-1.5737969364e+07,-7.0389480247e+00,1.1734570242e+01,1.0881568784e-01
6.2470182531e+08,4.0095385888e+08,-1.5642110452e+07,-7.2145982630e+00,1.1619790452e+01,1.1309433022e-01
6.1839266683e+08,4.1094632992e+08,-1.5542445042e+07,-7.3903961478e+00,1.1509344245e+01,1.1756166611e-01
6.1193314347e+08,4.2083911639e+08,-1.5439029686e+07,-7.5617939012e+00,1.1391101998e+01,1.2185029223e-01
6.0532585279e+08,4.3063027101e+08,-1.5331869230e+07,-7.7324255895e+00,1.1271760523e+01,1.2615050164e-01
5.9857233650e+08,4.4031722543e+08,-1.5221000343e+07,-7.9018204468e+00,1.1152363034e+01,1.3049639186e-01
5.9167368247e+08,4.4989775214e+08,-1.5106465509e+07,-8.0657641103e+00,1.1025266139e+01,1.3467648402e-01
5.8463286574e+08,4.5936984739e+08,-1.4988270150e+07,-8.2314824875e+00,1.0899464135e+01,1.3889796613e-01
5.7745052896e+08,4.6873102178e+08,-1.4866471824e+07,-8.3943375017e+00,1.0769491244e+01,1.4302849572e-01
5.7012935817e+08,4.7797933061e+08,-1.4741087724e+07,-8.5525589914e+00,1.0637700195e+01,1.4718459893e-01
5.6267106898e+08,4.8711254523e+08,-1.4612153566e+07,-8.7121396635e+00,1.0504003806e+01,1.5126845164e-01
5.5507704543e+08,4.9612857474e+08,-1.4479715738e+07,-8.8663867171e+00,1.0366416503e+01,1.5530509596e-01
5.4735030319e+08,5.0502546197e+08,-1.4343790371e+07,-9.0185723218e+00,1.0228374202e+01,1.5936410391e-01
5.3949165388e+08,5.1380112949e+08,-1.4204431371e+07,-9.1714722669e+00,1.0084657394e+01,1.6321059764e-01
5.3150407655e+08,5.2245367582e+08,-1.4061663680e+07,-9.3189721696e+00,9.9429107064e+00,1.6720866143e-01
5.2338932545e+08,5.3098101370e+08,-1.3915531346e+07,-9.4649948224e+00,9.7972084786e+00,1.7108824005e-01
5.1514896652e+08,5.3938141573e+08,-1.3766078882e+07,-9.6092266273e+00,9.6471915264e+00,1.7483928292e-01
5.0678626622e+08,5.4765294094e+08,-1.3613331007e+07,-9.7492014450e+00,9.5002771268e+00,1.7875688278e-01
4.9830201031e+08,5.5579377116e+08,-1.3457345379e+07,-9.8881065660e+00,9.3445177509e+00,1.8236304069e-01
4.8969939613e+08,5.6380230602e+08,-1.3298145311e+07,-1.0025277355e+01,9.1911136019e+00,1.8606454849e-01
4.8098039763e+08,5.7167651393e+08,-1.3135781065e+07,-1.0158501329e+01,9.0371468475e+00,1.8978922776e-01
4.7214652537e+08,5.7941491106e+08,-1.2970301022e+07,-1.0288939593e+01,8.8755030725e+00,1.9326797845e-01
4.6320129310e+08,5.8701579405e+08,-1.2801730315e+07,-1.0418034112e+01,8.7185574840e+00,1.9691392308e-01
4.5414562331e+08,5.9447743697e+08,-1.2630134168e+07,-1.0542965526e+01,8.5549676538e+00,2.0035717442e-01
4.4498268531e+08,6.0179847799e+08,-1.2455541236e+07,-1.0666083119e+01,8.3898950000e+00,2.0374501766e-01
4.3571475648e+08,6.0897716969e+08,-1.2278000162e+07,-1.0788303654e+01,8.2269662077e+00,2.0719123261e-01
4.2634342773e+08,6.1601209222e+08,-1.2097568242e+07,-1.0904271287e+01,8.0578794001e+00,2.1048024231e-01
4.1687221364e+08,6.2290179551e+08,-1.1914274093e+07,-1.1019356571e+01,7.8902361752e+00,2.1380235479e-01
4.0730230045e+08,6.2964485461e+08,-1.1728180660e+07,-1.1132568651e+01,7.7191144232e+00,2.1698825600e-01
3.9763687008e+08,6.3623994118e+08,-1.1539326830e+07,-1.1240068331e+01,7.5466008953e+00,2.2016436885e-01
3.8787824417e+08,6.4268566528e+08,-1.1347759820e+07,-1.1348650471e+01,7.3734015437e+00,2.2325561106e-01
3.7802826513e+08,6.4898082871e+08,-1.1153537751e+07,-1.1452670170e+01,7.1978178321e+00,2.2628182832e-01
3.6809044705e+08,6.5512399850e+08,-1.0956701363e+07,-1.1551658705e+01,7.0233130280e+00,2.2937390032e-01
3.5806602860e+08,6.6111417427e+08,-1.0757310876e+07,-1.1651408450e+01,6.8430884045e+00,2.3220040042e-01
3.4795840549e+08,6.6695016758e+08,-1.0555409375e+07,-1.1745728302e+01,6.6650987138e+00,2.3512719884e-01
3.3776987200e+08,6.7263073349e+08,-1.0351050817e+07,-1.1837802312e+01,6.4850005661e+00,2.3795365942e-01
3.2750233671e+08,6.7815509561e+08,-1.0144288541e+07,-1.1928939497e+01,6.3010267365e+00,2.4059569486e-01
3.1715951808e+08,6.8352189091e+08,-9.9351682564e+06,-1.2014215919e+01,6.1223235201e+00,2.4345120298e-01
3.0674255933e+08,6.8873033530e+08,-9.7237536711e+06,-1.2097459756e+01,5.9358025867e+00,2.4599821576e-01
2.9625491352e+08,6.9377957909e+08,-9.5100851807e+06,-1.2178661061e+01,5.7506191107e+00,2.4855413689e-01
2.8569904740e+08,6.9866847620e+08,-9.2942210734e+06,-1.2256094593e+01,5.5670212655e+00,2.5115015875e-01
2.7507675088e+08,7.0339648819e+08,-9.0762184879e+06,-1.2330975749e+01,5.3765301066e+00,2.5346421270e-01
2.6439188130e+08,7.0796254327e+08,-8.8561214024e+06,-1.2403510262e+01,5.1918911787e+00,2.5594876312e-01
2.5364570519e+08,7.1236597205e+08,-8.6339974960e+06,-1.2471705599e+01,5.0029437819e+00,2.5827181395e-01
2.4284151763e+08,7.1660613429e+08,-8.4098915557e+06,-1.2536493375e+01,4.8117465979e+00,2.6048699824e-01
2.3198195001e+08,7.2068221778e+08,-8.1838571468e+06,-1.2600913090e+01,4.6234945746e+00,2.6273233781e-01
2.2106883926e+08,7.2459378578e+08,-7.9559559116e+06,-1.2660131829e+01,4.4306844281e+00,2.6480452871e-01
2.1010592401e+08,7.2833999058e+08,-7.7262340940e+06,-1.2716805335e+01,4.2402869711e+00,2.6691676995e-01
1.9909465658e+08,7.3192048922e+08,-7.4947543124e+06,-1.2772378549e+01,4.0482238699e+00,2.6890399516e-01
1.8803830539e+08,7.3533464577e+08,-7.2615712589e+06,-1.2820758026e+01,3.8553776048e+00,2.7087848971e-01
1.7693941777e+08,7.3858196027e+08,-7.0267389480e+06,-1.2869417814e+01,3.6620545139e+00,2.7274315682e-01
1.6580000467e+08,7.4166229623e+08,-6.7903160412e+06,-1.2915655244e+01,3.4670152060e+00,2.7448356604e-01
1.5462376597e+08,7.4457482159e+08,-6.5523580730e+06,-1.2955530201e+01,3.2750013876e+00,2.7632759289e-01
1.4341210614e+08,7.4731959334e+08,-6.3129231530e+06,-1.2996369230e+01,3.0786601660e+00,2.7791226106e-01
1.3216843184e+08,7.4989615268e+08,-6.0720664781e+06,-1.3031457508e+01,2.8851051074e+00,2.7958035903e-01
1.2089520050e+08,7.5230408400e+08,-5.8298484644e+06,-1.3062802963e+01,2.6907674139e+00,2.8117847629e-01
1.0959434837e+08,7.5454367017e+08,-5.5863217475e+06,-1.3094632319e+01,2.4920539163e+00,2.8250803668e-01
9.8269712053e+07,7.5661419524e+08,-5.3415438902e+06,-1.3120742055e+01,2.3001285837e+00,2.8405443102e-01
8.6922587679e+07,7.5851587459e+08,-5.0955770527e+06,-1.3144711478e+01,2.1028659861e+00,2.8533895396e-01
7.5556332424e+07,7.6024858431e+08,-4.8484735978e+06,-1.3166118189e+01,1.9067668551e+00,2.8659393560e-01
6.4173531380e+07,7.6181202046e+08,-4.6002960758e+06,-1.3183151079e+01,1.7139913035e+00,2.8792719934e-01
5.2775927067e+07,7.6320666310e+08,-4.3510997845e+06,-1.3197962372e+01,1.5144683661e+00,2.8893958615e-01
4.1367342110e+07,7.6443211840e+08,-4.1009375249e+06,-1.3210630958e+01,1.3207705605e+00,2.9007615083e-01
2.9949177439e+07,7.6548874036e+08,-3.8498709338e+06,-1.3220267349e+01,1.1257151311e+00,2.9109693573e-01
1.8524556858e+07,7.6637655452e+08,-3.5979553906e+06,-1.3225276245e+01,9.2898118139e-01,2.9200927511e-01
7.0961018966e+06,7.6709556929e+08,-3.3452470368e+06,-1.3229409660e+01,7.3605537358e-01,2.9296296784e-01
-4.3344355726e+06,7.6764634572e+08,-3.0918038603e+06,-1.3229278506e+01,5.3950876701e-01,2.9373038112e-01
-1.5763463547e+07,7.6802864671e+08,-2.8376824508e+06,-1.3225603691e+01,3.4513028216e-01,2.9450487210e-01
-2.7189475842e+07,7.6824317902e+08,-2.5829368357e+06,-1.3222905080e+01,1.5078934730e-01,2.9514831185e-01
-3.8609381541e+07,7.6828996937e+08,-2.3276286336e+06,-1.3212867887e+01,-4.2678012732e-02,2.9580355550e-01
-5.0020739459e+07,7.6816924932e+08,-2.0718140072e+06,-1.3201470906e+01,-2.3559419316e-01,2.9638575848e-01
-6.1421719740e+07,7.6788188417e+08,-1.8155443446e+06,-1.3189127877e+01,-4.2996982298e-01,2.9680715411e-01
-7.2808825309e+07,7.6742761051e+08,-1.5588836043e+06,-1.3169596487e+01,-6.2079254629e-01,2.9733196572e-01
-8.4180702955e+07,7.6680747225e+08,-1.3018804085e+06,-1.3152117270e+01,-8.1500354668e-01,2.9758333407e-01
-9.5534188688e+07,7.6602169724e+08,-1.0445927974e+06,-1.3130175335e+01,-1.0054927383e+00,2.9789914468e-01
-1.0686693212e+08,7.6507050903e+08,-7.8708370056e+05,-1.3103065665e+01,-1.1943944996e+00,2.9822598578e-01
-1.1817725917e+08,7.6395510800e+08,-5.2940030289e+05,-1.3076799019e+01,-1.3878148883e+00,2.9825195650e-01
-1.2946160103e+08,7.6267535577e+08,-2.7160698387e+05,-1.3044817400e+01,-1.5744364754e+00,2.9847164435e-01
-1.4071872601e+08,7.6123239665e+08,-1.3755565411e+04,-1.3011432924e+01,-1.7646891555e+00,2.9845328757e-01
-1.5194561933e+08,7.5962678096e+08,2.4410106887e+05,-1.2976420611e+01,-1.9540011329e+00,2.9835322786e-01
-1.6313982243e+08,7.5785884666e+08,5.0190162119e+05,-1.2937076578e+01,-2.1375756293e+00,2.9839530047e-01
-1.7429986065e+08,7.5592990113e+08,7.5959669860e+05,-1.2895327785e+01,-2.3266827989e+00,2.9814273160e-01
-1.8542230882e+08,7.5384008396e+08,1.0171271670e+06,-1.2850716051e+01,-2.5110502449e+00,2.9796876380e-01
-1.9650585750e+08,7.5159066968e+08,1.2744440065e+06,-1.2804703419e+01,-2.6950949734e+00,2.9769623728e-01
-2.0754775806e+08,7.4918229556e+08,1.5314906803e+06,-1.2754442895e+01,-2.8805895869e+00,2.9728833347e-01
-2.1854558896e+08,7.4661559239e+08,1.7882125279e+06,-1.2703513581e+01,-3.0611180909e+00,2.9693804695e-01
-2.2949783472e+08,7.4389194159e+08,2.0445602088e+06,-1.2649328070e+01,-3.2431414132e+00,2.9644539321e-01
-2.4040136170e+08,7.4101155390e+08,2.3004705258e+06,-1.2589745250e+01,-3.4233632953e+00,2.9596038050e-01
-2.5125486052e+08,7.3797604318e+08,2.5559044151e+06,-1.2532577192e+01,-3.6031903572e+00,2.9532550469e-01
-2.6205563377e+08,7.3478605546e+08,2.8108030288e+06,-1.2469385742e+01,-3.7814813356e+00,2.9468480379e-01
-2.7280150311e+08,7.3144236906e+08,3.0651121599e+06,-1.2404285616e+01,-3.9580481293e+00,2.9400063257e-01
-2.8349093382e+08,7.2794666385e+08,3.3187924770e+06,-1.2340003849e+01,-4.1348299338e+00,2.9315939291e-01
-2.9412089282e+08,7.2429906461e+08,3.5717745568e+06,-1.2267280045e+01,-4.3072049234e+00,2.9246002732e-01
-3.0469029320e+08,7.2050140493e+08,3.8240217682e+06,-1.2196555006e+01,-4.4826357156e+00,2.9149224782e-01
-3.1519643564e+08,7.1655455001e+08,4.0754803896e+06,-1.2123294464e+01,-4.6549577397e+00,2.9052302217e-01
-3.2563722173e+08,7.1245923502e+08,4.3260907565e+06,-1.2044842224e+01,-4.8237735345e+00,2.8961741874e-01
-3.3601131863e+08,7.0821741356e+08,4.5758186824e+06,-1.1968300233e+01,-4.9961126803e+00,2.8841646438e-01
-3.4631567420e+08,7.0382933783e+08,4.8245979148e+06,-1.1885896749e+01,-5.1612985382e+00,2.8741705894e-01
-3.5654931735e+08,6.9929684538e+08,5.0723887565e+06,-1.1801751007e+01,-5.3284405915e+00,2.8624192780e-01
-3.6670979956e+08,6.9462106384e+08,5.3191425456e+06,-1.1716756384e+01,-5.4960627221e+00,2.8491297072e-01
-3.7679496712e+08,6.8980285057e+08,5.5648040334e+06,-1.1628547796e+01,-5.6569609441e+00,2.8373495094e-01
-3.8680365625e+08,6.8484418893e+08,5.8093367487e+06,-1.1539040741e+01,-5.8213698179e+00,2.8230410084e-01
-3.9673302128e+08,6.7974554634e+08,6.0526780767e+06,-1.1446078666e+01,-5.9813708517e+00,2.8093872919e-01
-4.0658200324e+08,6.7450886346e+08,6.2947917050e+06,-1.1352358598e+01,-6.1392583259e+00,2.7952965695e-01
-4.1634842486e+08,6.6913527872e+08,6.5356245152e+06,-1.1254307006e+01,-6.2990033061e+00,2.7796706735e-01
-4.2603027158e+08,6.6362591707e+08,6.7751286499e+06,-1.1156093774e+01,-6.4542223758e+00,2.7643446123e-01
-4.3562632905e+08,6.5798285511e+08,7.0132720390e+06,-1.1057150947e+01,-6.6090045809e+00,2.7478269715e-01
-4.4513405161e+08,6.5220655390e+08,7.2499883922e+06,-1.0951791727e+01,-6.7614587967e+00,2.7316257459e-01
-4.5455244541e+08,6.4629924016e+08,7.4852523055e+06,-1.0849291869e+01,-6.9125371334e+00,2.7142281429e-01
-4.6387938784e+08,6.4026203553e+08,7.7190107811e+06,-1.0741546012e+01,-7.0619047280e+00,2.6967362571e-01
-4.7311315737e+08,6.3409610151e+08,7.9512138466e+06,-1.0631100350e+01,-7.2097419247e+00,2.6788505558e-01
-4.8225257292e+08,6.2780380275e+08,8.1818398887e+06,-1.0524176448e+01,-7.3573170399e+00,2.6591068123e-01
-4.9129515374e+08,6.2138551006e+08,8.4108185481e+06,-1.0409125155e+01,-7.4993857034e+00,2.6410532960e-01
-5.0024013340e+08,6.1484356330e+08,8.6381257933e+06,-1.0295513841e+01,-7.6429849048e+00,2.6209558348e-01
-5.0908544316e+08,6.0817929410e+08,8.8637165270e+06,-1.0180430360e+01,-7.7840794555e+00,2.6005278101e-01
-5.1782944471e+08,6.0139376957e+08,9.0875369750e+06,-1.0059736185e+01,-7.9211050613e+00,2.5810713592e-01
-5.2647120537e+08,5.9448954454e+08,9.3095700612e+06,-9.9423736215e+00,-8.0615254239e+00,2.5584863662e-01
-5.3500827531e+08,5.8746713949e+08,9.5297521116e+06,-9.8204881403e+00,-8.1949171995e+00,2.5376335371e-01
-5.4343995192e+08,5.8032882416e+08,9.7480569304e+06,-9.6969872570e+00,-8.3275706615e+00,2.5159907150e-01
-5.5176444756e+08,5.7307608932e+08,9.9644419974e+06,-9.5725706974e+00,-8.4613186683e+00,2.4926331400e-01
-5.5998009767e+08,5.6571010255e+08,1.0178857601e+07,-9.4450716520e+00,-8.5884849893e+00,2.4708130914e-01
-5.6808609491e+08,5.5823338861e+08,1.0391283633e+07,-9.3175476922e+00,-8.7181237208e+00,2.4466945669e-01
-5.7608025219e+08,5.5064665124e+08,1.0601659833e+07,-9.1870842987e+00,-8.8444839107e+00,2.4227284987e-01
-5.8396176568e+08,5.4295227914e+08,1.0809966852e+07,-9.0573361956e+00,-8.9665281728e+00,2.3989359221e-01
-5.9172907053e+08,5.3515170520e+08,1.1016158399e+07,-8.9231975660e+00,-9.0895953466e+00,2.3739539160e-01
-5.9938070996e+08,5.2724629230e+08,1.1220190711e+07,-8.7879770738e+00,-9.2089872446e+00,2.3492072653e-01
-6.0691582801e+08,5.1923866020e+08,1.1422050366e+07,-8.6540816471e+00,-9.3271502883e+00,2.3233585330e-01
-6.1433253846e+08,5.1112944798e+08,1.1621672640e+07,-8.5138420268e+00,-9.4434982537e+00,2.2976483775e-01
-6.2163014303e+08,5.0292129016e+08,1.1819047525e+07,-8.3775998193e+00,-9.5575452538e+00,2.2709220024e-01
-6.2880707617e+08,4.9461561777e+08,1.2014130573e+07,-8.2374955944e+00,-9.6686668359e+00,2.2443599725e-01
-6.3586215860e+08,4.8621373904e+08,1.2206873723e+07,-8.0929619412e+00,-9.7779832894e+00,2.2178615265e-01
-6.4279462676e+08,4.7771853580e+08,1.2397274279e+07,-7.9533595893e+00,-9.8873167593e+00,2.1893378355e-01
-6.4960266380e+08,4.6913058316e+08,1.2585267051e+07,-7.8066458971e+00,-9.9915430697e+00,2.1623058218e-01
-6.5628581092e+08,4.6045255357e+08,1.2770842900e+07,-7.6617148777e+00,-1.0096079518e+01,2.1336661758e-01
-6.6284259651e+08,4.5168609584e+08,1.2953967705e+07,-7.5171292819e+00,-1.0198033739e+01,2.1044816115e-01
-6.6927189663e+08,4.4283239168e+08,1.3134591798e+07,-7.3662257219e+00,-1.0294701209e+01,2.0769306332e-01
-6.7557321483e+08,4.3389439199e+08,1.3312714284e+07,-7.2186888313e+00,-1.0394461762e+01,2.0465055063e-01
-6.8174483195e+08,4.2487281734e+08,1.3488276369e+07,-7.0677450934e+00,-1.0488964833e+01,2.0171315241e-01
-6.8778631056e+08,4.1577024028e+08,1.3661266764e+07,-6.9161642538e+00,-1.0580982955e+01,1.9875460939e-01
-6.9369646364e+08,4.0658841343e+08,1.3831653066e+07,-6.7647104316e+00,-1.0674053812e+01,1.9561363571e-01
-6.9947416589e+08,3.9732862719e+08,1.3999392107e+07,-6.6103659018e+00,-1.0760188413e+01,1.9264770855e-01
-7.0511899407e+08,3.8799373559e+08,1.4164481174e+07,-6.4562731457e+00,-1.0847086572e+01,1.8952754186e-01
-7.1062955383e+08,3.7858456465e+08,1.4326863348e+07,-6.2989768820e+00,-1.0932759901e+01,1.8636781695e-01
-7.1600534351e+08,3.6910381081e+08,1.4486535941e+07,-6.1440511294e+00,-1.1013570304e+01,1.8323537933e-01
-7.2124535004e+08,3.5955312953e+08,1.4643464007e+07,-5.9861367953e+00,-1.1094470413e+01,1.8000374915e-01
-7.2634868830e+08,3.4993393227e+08,1.4797608078e+07,-5.8266720961e+00,-1.1171880147e+01,1.7680374163e-01
-7.3131485211e+08,3.4024914862e+08,1.4948972046e+07,-5.6698321903e+00,-1.1246569441e+01,1.7354331956e-01
-7.3614270321e+08,3.3049946879e+08,1.5097492490e+07,-5.5059255205e+00,-1.1320213956e+01,1.7029659035e-01
-7.4083189777e+08,3.2068778195e+08,1.5243173820e+07,-5.3465009195e+00,-1.1392036700e+01,1.6694132887e-01
-7.4538140324e+08,3.1081579194e+08,1.5385986611e+07,-5.1858640456e+00,-1.1460570878e+01,1.6358801155e-01
-7.4979057851e+08,3.0088480276e+08,1.5525887564e+07,-5.0201870607e+00,-1.1526590365e+01,1.6028515071e-01
-7.5405903125e+08,2.9089795899e+08,1.5662890987e+07,-4.8602998467e+00,-1.1591806871e+01,1.5680941918e-01
-7.5818567318e+08,2.8085589602e+08,1.5796935700e+07,-4.6936557520e+00,-1.1652373710e+01,1.5347965089e-01
-7.6217040204e+08,2.7076143876e+08,1.5928024841e+07,-4.5281180196e+00,-1.1712958012e+01,1.5003128914e-01
-7.6601232987e+08,2.6061649801e+08,1.6056138652e+07,-4.3651719398e+00,-1.1771998842e+01,1.4647110091e-01
-7.6971082817e+08,2.5042227060e+08,1.6181233434e+07,-4.1966928900e+00,-1.1825000686e+01,1.4310022104e-01
-7.7326572316e+08,2.4018188709e+08,1.6303323180e+07,-4.0317020420e+00,-1.1879452653e+01,1.3951072568e-01
-7.7667605412e+08,2.2989613070e+08,1.6422354058e+07,-3.8637022428e+00,-1.1929901784e+01,1.3599192447e-01
-7.7994171110e+08,2.1956770529e+08,1.6538328930e+07,-3.6950106498e+00,-1.1976865195e+01,1.3251468047e-01
-7.8306211156e+08,2.0919855842e+08,1.6651229003e+07,-3.5273391395e+00,-1.2025755503e+01,1.2882906195e-01
-7.8603667803e+08,1.9879002250e+08,1.6761018892e+07,-3.3580122196e+00,-1.2068454327e+01,1.2528638999e-01
-7.8886524304e+08,1.8834511458e+08,1.6867713144e+07,-3.1901333515e+00,-1.2109423178e+01,1.2167495795e-01
-7.9154718018e+08,1.7786464223e+08,1.6971258213e+07,-3.0184823927e+00,-1.2150078855e+01,1.1801415419e-01
-7.9408233936e+08,1.6735140570e+08,1.7071664507e+07,-2.8494429493e+00,-1.2185655157e+01,1.1440799482e-01
-7.9647025609e+08,1.5680721943e+08,1.7168909723e+07,-2.6784832687e+00,-1.2221219562e+01,1.1071231670e-01
-7.9871062939e+08,1.4623348953e+08,1.7262959477e+07,-2.5060074849e+00,-1.2254694902e+01,1.0701292751e-01
-8.0080319582e+08,1.3563334709e+08,1.7353837144e+07,-2.3383974478e+00,-1.2283906053e+01,1.0328936489e-01
-8.0274751974e+08,1.2500744447e+08,1.7441484559e+07,-2.1637275023e+00,-1.2311661602e+01,9.9609323222e-02
-8.0454364507e+08,1.1435869215e+08,1.7525917040e+07,-1.9926003766e+00,-1.2337643182e+01,9.5854297716e-02
-8.0619108946e+08,1.0368897221e+08,1.7607119569e+07,-1.8219933739e+00,-1.2360656569e+01,9.2087300861e-02
-8.0768978332e+08,9.2999542305e+07,1.7685053735e+07,-1.6461265239e+00,-1.2381763786e+01,8.8373248359e-02
-8.0903961633e+08,8.2293705999e+07,1.7759751492e+07,-1.4775006030e+00,-1.2401635206e+01,8.4495087862e-02
-8.1024016492e+08,7.1572100502e+07,1.7831158423e+07,-1.3036243344e+00,-1.2416677336e+01,8.0758816565e-02
-8.1129165694e+08,6.0837489588e+07,1.7899285752e+07,-1.1295769605e+00,-1.2430432739e+01,7.6988820357e-02
-8.1219378758e+08,5.0091928882e+07,1.7964126332e+07,-9.5893028012e-01,-1.2443688939e+01,7.3079640288e-02
-8.1294649945e+08,3.9336606343e+07,1.8025643750e+07,-7.8339419819e-01,-1.2451661959e+01,6.9347892897e-02
-8.1354988870e+08,2.8574758545e+07,1.8083869611e+07,-6.1208869479e-01,-1.2460056950e+01,6.5444493450e-02
-8.1400370638e+08,1.7807186248e+07,1.8138758270e+07,-4.3929958789e-01,-1.2465550054e+01,6.1561855649e-02
-8.1430813104e+08,7.0365328909e+06,1.8190323176e+07,-2.6585112243e-01,-1.2465730894e+01,5.7804228361e-02
-8.1446315084e+08,-3.7352007135e+06,1.8238557093e+07,-9.3238847904e-02,-1.2467805041e+01,5.3865495988e-02
-8.1446883446e+08,-1.4506713392e+07,1.8283431044e+07,8.0748168787e-02,-1.2465705256e+01,5.0018120837e-02
-8.1432524468e+08,-2.5274896971e+07,1.8324977190e+07,2.5183367555e-01,-1.2460542645e+01,4.6152248517e-02
-8.1403245697e+08,-3.6038973722e+07,1.8363148325e+07,4.2594673697e-01,-1.2455978684e+01,4.2208087687e-02
-8.1359062660e+08,-4.6796197610e+07,1.8397965918e+07,5.9686657296e-01,-1.2445663587e+01,3.8350176344e-02
-8.1299978505e+08,-5.7544718462e+07,1.8429421487e+07,7.6909385812e-01,-1.2434057460e+01,3.4462908097e-02
-8.1226031318e+08,-6.8283242803e+07,1.8457485670e+07,9.4392414150e-01,-1.2422093169e+01,3.0553411007e-02
-8.1137221892e+08,-7.9008549240e+07,1.8482200208e+07,1.1122458805e+00,-1.2405807571e+01,2.6623889589e-02
-8.1033572146e+08,-8.9720014107e+07,1.8503515417e+07,1.2862729194e+00,-1.2388287938e+01,2.2729894263e-02
-8.0915119153e+08,-1.0041485106e+08,1.8521456015e+07,1.4570006381e+00,-1.2368637946e+01,1.8794481118e-02
-8.0781862184e+08,-1.1109113918e+08,1.8536021462e+07,1.6256087950e+00,-1.2345334545e+01,1.4866398527e-02
-8.0633856123e+08,-1.2174779277e+08,1.8547176485e+07,1.8005029542e+00,-1.2320485082e+01,1.1018836953e-02
-8.0471119550e+08,-1.3238149389e+08,1.8554967286e+07,1.9680053260e+00,-1.2294813165e+01,7.0175111352e-03
-8.0293674994e+08,-1.4299157170e+08,1.8559349941e+07,2.1384741710e+00,-1.2265476310e+01,3.1044142510e-03
-8.0101572649e+08,-1.5357541107e+08,1.8560345696e+07,2.3092421039e+00,-1.2233644466e+01,-7.7648174657e-04
-7.9894830628e+08,-1.6413094637e+08,1.8557961761e+07,2.4756140575e+00,-1.2201143253e+01,-4.7875459748e-03
-7.9673503150e+08,-1.7465713369e+08,1.8552167045e+07,2.6467129782e+00,-1.2163772586e+01,-8.6165444502e-03
-7.9437626340e+08,-1.8515080015e+08,1.8543006198e+07,2.8142226445e+00,-1.2126024517e+01,-1.2549075673e-02
-7.9187246544e+08,-1.9561112257e+08,1.8530443444e+07,2.9818161823e+00,-1.2087665593e+01,-1.6538739323e-02
-7.8922407434e+08,-2.0603557497e+08,1.8514503291e+07,3.1489315820e+00,-1.2043239990e+01,-2.0372353349e-02
-7.8643150220e+08,-2.1642219966e+08,1.8495191048e+07,3.3145961515e+00,-1.1999587836e+01,-2.4338366207e-02
-7.8349544344e+08,-2.2676984440e+08,1.8472482076e+07,3.4816702979e+00,-1.1952961920e+01,-2.8237082997e-02
-7.8041618472e+08,-2.3707546255e+08,1.8446423003e+07,3.6456060631e+00,-1.1901934801e+01,-3.2081307344e-02
-7.7719451952e+08,-2.4733830239e+08,1.8416976310e+07,3.8123608023e+00,-1.1853114514e+01,-3.6034154852e-02
-7.7383093585e+08,-2.5755572409e+08,1.8384175318e+07,3.9749685694e+00,-1.1799326666e+01,-3.9918292976e-02
-7.7032583572e+08,-2.6772589407e+08,1.8348027144e+07,4.1369597053e+00,-1.1742726647e+01,-4.3786282568e-02
-7.6668022541e+08,-2.7784772928e+08,1.8308506283e+07,4.3023038563e+00,-1.1686371059e+01,-4.7667369891e-02
-7.6289437359e+08,-2.8791809912e+08,1.8265668585e+07,4.4608245208e+00,-1.1625169006e+01,-5.1528811413e-02
-7.5896917451e+08,-2.9793642536e+08,1.8219474096e+07,4.6242810734e+00,-1.1563430724e+01,-5.5361731079e-02
-7.5490536232e+08,-3.0790010541e+08,1.8169955418e+07,4.7848988073e+00,-1.1500529696e+01,-5.9235742159e-02
-7.5070330904e+08,-3.1780719798e+08,1.8117128323e+07,4.9408752186e+00,-1.1433745619e+01,-6.3110820069e-02
-7.4636412236e+08,-3.2765681976e+08,1.8060963372e+07,5.1028748017e+00,-1.1365029629e+01,-6.6875715647e-02
-7.4188826166e+08,-3.3744582602e+08,1.8001519300e+07,5.2582867459e+00,-1.1294817558e+01,-7.0732568711e-02
-7.3727664503e+08,-3.4717357312e+08,1.7938763653e+07,5.4153617708e+00,-1.1222230811e+01,-7.4538940976e-02
-7.3253011495e+08,-3.5683767171e+08,1.7872725390e+07,5.5732025813e+00,-1.1147202640e+01,-7.8276936533e-02
-7.2764927242e+08,-3.6643608129e+08,1.7803426782e+07,5.7252683754e+00,-1.1072052187e+01,-8.2158968793e-02
-7.2263521731e+08,-3.7596791653e+08,1.7730844440e+07,5.8804912179e+00,-1.0992475493e+01,-8.5879589014e-02
-7.1748850978e+08,-3.8543024795e+08,1.7655033544e+07,6.0327373668e+00,-1.0910499093e+01,-8.9599748527e-02
-7.1221032260e+08,-3.9482233122e+08,1.7575966848e+07,6.1847936864e+00,-1.0829565771e+01,-9.3414738866e-02
-7.0680143205e+08,-4.0414184674e+08,1.7493676997e+07,6.3361267425e+00,-1.0742996992e+01,-9.7062752360e-02
-7.0126263372e+08,-4.1338689791e+08,1.7408184422e+07,6.4851379516e+00,-1.0656882606e+01,-1.0081320770e-01
-6.9559523620e+08,-4.2255648375e+08,1.7319473094e+07,6.6344462433e+00,-1.0569499006e+01,-1.0455064454e-01
-6.8979968947e+08,-4.3164778088e+08,1.7227602838e+07,6.7798218889e+00,-1.0475708407e+01,-1.0815250004e-01
-6.8387745324e+08,-4.4066017927e+08,1.7132544759e+07,6.9282074334e+00,-1.0384406734e+01,-1.1184450510e-01
-6.7782942878e+08,-4.4959128867e+08,1.7034339453e+07,7.0729343611e+00,-1.0289567346e+01,-1.1548081130e-01
-6.7165637865e+08,-4.5843933622e+08,1.6933010333e+07,7.2154131518e+00,-1.0191514190e+01,-1.1907862166e-01
-6.6535991241e+08,-4.6720344276e+08,1.6828538493e+07,7.3608621063e+00,-1.0094986945e+01,-1.2271431692e-01
-6.5894048455e+08,-4.7588070890e+08,1.6720991891e+07,7.4985939755e+00,-9.9929424114e+00,-1.2629807285e-01
-6.5239957482e+08,-4.8447068098e+08,1.6610341470e+07,7.6402071435e+00,-9.8897981648e+00,-1.2982602351e-01
-6.4573833253e+08,-4.9297109050e+08,1.6496625654e+07,7.7806205951e+00,-9.7861213727e+00,-1.3336138436e-01
-6.3895753978e+08,-5.0138006197e+08,1.6379877442e+07,7.9149903994e+00,-9.6793452643e+00,-1.3691190740e-01
-6.3205887593e+08,-5.0969690168e+08,1.6260076241e+07,8.0542480286e+00,-9.5714828244e+00,-1.4036969994e-01
-6.2504299580e+08,-5.1791876221e+08,1.6137291627e+07,8.1869541432e+00,-9.4614841815e+00,-1.4386949984e-01
-6.1791140816e+08,-5.2604510207e+08,1.6011503905e+07,8.3194531454e+00,-9.3495094995e+00,-1.4733891868e-01
-6.1066531010e+08,-5.3407391537e+08,1.5882747203e+07,8.4537654208e+00,-9.2344907552e+00,-1.5067589068e-01
-6.0330571893e+08,-5.4200332218e+08,1.5751056694e+07,8.5824277802e+00,-9.1200011203e+00,-1.5414415324e-01
-5.9583432526e+08,-5.4983258798e+08,1.5616417864e+07,8.7126024546e+00,-9.0031127990e+00,-1.5751761001e-01
-5.8825182460e+08,-5.5755909630e+08,1.5478896726e+07,8.8395173591e+00,-8.8824551213e+00,-1.6081720433e-01
-5.8055998322e+08,-5.6518222484e+08,1.5338478754e+07,8.9650990338e+00,-8.7635709039e+00,-1.6422961637e-01
-5.7275993093e+08,-5.7270000991e+08,1.5195203887e+07,9.0898536848e+00,-8.6389441903e+00,-1.6744859440e-01
-5.6485282210e+08,-5.8011077762e+08,1.5049104971e+07,9.2126699138e+00,-8.5139705296e+00,-1.7070335371e-01
-5.5684061796e+08,-5.8741371040e+08,1.4900173832e+07,9.3353698649e+00,-8.3904446251e+00,-1.7401424344e-01
-5.4872391918e+08,-5.9460626952e+08,1.4748482589e+07,9.4528759007e+00,-8.2599905480e+00,-1.7715897946e-01
-5.4050472020e+08,-6.0168800160e+08,1.4594014445e+07,9.5722714502e+00,-8.1318221726e+00,-1.8037747684e-01
-5.3218430430e+08,-6.0865690561e+08,1.4436814922e+07,9.6883576658e+00,-8.0007546276e+00,-1.8353477911e-01
-5.2376374723e+08,-6.1551142276e+08,1.4276920593e+07,9.8014937851e+00,-7.8654469698e+00,-1.8659914687e-01
-5.1524529074e+08,-6.2225091064e+08,1.4114319691e+07,9.9180481548e+00,-7.7332834288e+00,-1.8971756799e-01
-5.0662961794e+08,-6.2887277078e+08,1.3949092462e+07,1.0026402482e+01,-7.5964112634e+00,-1.9278334044e-01
-4.9791871488e+08,-6.3537665989e+08,1.3781225777e+07,1.0136169973e+01,-7.4583404347e+00,-1.9579765118e-01
-4.8911409789e+08,-6.4176076104e+08,1.3610762589e+07,1.0245549887e+01,-7.3196483469e+00,-1.9877892518e-01
-4.8021689631e+08,-6.4802344308e+08,1.3437749469e+07,1.0348311744e+01,-7.1776309772e+00,-2.0174688606e-01
-4.7122939222e+08,-6.5416426157e+08,1.3262174521e+07,1.0455491669e+01,-7.0354498510e+00,-2.0462990149e-01
-4.6215248633e+08,-6.6018077876e+08,1.3084115768e+07,1.0557051892e+01,-6.8915956247e+00,-2.0751939108e-01
-4.5298822242e+08,-6.6607255124e+08,1.2903568963e+07,1.0655879688e+01,-6.7471132146e+00,-2.1043165521e-01
-4.4373810392e+08,-6.7183801660e+08,1.2720573854e+07,1.0756091646e+01,-6.5989930602e+00,-2.1317149019e-01
-4.3440347087e+08,-6.7747562073e+08,1.2535177663e+07,1.0851015518e+01,-6.4506981642e+00,-2.1598229701e-01
-4.2498663959e+08,-6.8298487121e+08,1.2347376357e+07,1.0946623375e+01,-6.3016681496e+00,-2.1873791681e-01
-4.1548851768e+08,-6.8836361039e+08,1.2157244723e+07,1.1039605856e+01,-6.1484036540e+00,-2.2135634332e-01
-4.0591142805e+08,-6.9361137606e+08,1.1964782263e+07,1.1130092627e+01,-5.9985714200e+00,-2.2412626167e-01
-3.9625683285e+08,-6.9872661730e+08,1.1770036363e+07,1.1218454318e+01,-5.8437016194e+00,-2.2671807283e-01
-3.8652612550e+08,-7.0370803423e+08,1.1573051867e+07,1.1304558049e+01,-5.6866454046e+00,-2.2925719422e-01
-3.7672189102e+08,-7.0855512784e+08,1.1373827814e+07,1.1390728742e+01,-5.5327390307e+00,-2.3188097770e-01
-3.6684493667e+08,-7.1326582807e+08,1.1172443920e+07,1.1471813956e+01,-5.3720141133e+00,-2.3430649120e-01
-3.5689774753e+08,-7.1783987575e+08,1.0968896783e+07,1.1553840705e+01,-5.2141813941e+00,-2.3680360039e-01
-3.4688198317e+08,-7.2227570334e+08,1.0763238579e+07,1.1632209995e+01,-5.0552012660e+00,-2.3927220538e-01
-3.3679892881e+08,-7.2657208645e+08,1.0555521034e+07,1.1706014413e+01,-4.8907081005e+00,-2.4159637268e-01
-3.2665138213e+08,-7.3072874622e+08,1.0345740293e+07,1.1783335031e+01,-4.7296502479e+00,-2.4395612403e-01
-3.1644027897e+08,-7.3474361717e+08,1.0133982641e+07,1.1853546338e+01,-4.5646359568e+00,-2.4623874376e-01
-3.0616807946e+08,-7.3861653541e+08,9.9202506507e+06,1.1923455431e+01,-4.3991567568e+00,-2.4848302671e-01
-2.9583666331e+08,-7.4234617990e+08,9.7045924597e+06,1.1993243800e+01,-4.2341527415e+00,-2.5069298609e-01
-2.8544739437e+08,-7.4593128000e+08,9.4870679168e+06,1.2055192564e+01,-4.0658932951e+00,-2.5287670073e-01
-2.7500303824e+08,-7.4937172419e+08,9.2676746753e+06,1.2120175716e+01,-3.8974958041e+00,-2.5497154777e-01
-2.6450470767e+08,-7.5266569766e+08,9.0464945886e+06,1.2181408489e+01,-3.7270185998e+00,-2.5699824361e-01
-2.5395495539e+08,-7.5581295199e+08,8.8235394754e+06,1.2238753466e+01,-3.5576065485e+00,-2.5908441548e-01
-2.4335563249e+08,-7.5881240701e+08,8.5988567621e+06,1.2296950865e+01,-3.3854905951e+00,-2.6100093713e-01
-2.3270830337e+08,-7.6166293939e+08,8.3725057827e+06,1.2349588789e+01,-3.2129799065e+00,-2.6294708520e-01
-2.2201578761e+08,-7.6436436854e+08,8.1444937442e+06,1.2401064702e+01,-3.0410159569e+00,-2.6488152524e-01
-2.1127914562e+08,-7.6691519263e+08,7.9149002289e+06,1.2450748765e+01,-2.8635198831e+00,-2.6659074835e-01
-2.0050119060e+08,-7.6931525127e+08,7.6837375192e+06,1.2498093690e+01,-2.6904694123e+00,-2.6844769042e-01
-1.8968376895e+08,-7.7156348273e+08,7.4510590404e+06,1.2542735145e+01,-2.5145797020e+00,-2.7017471289e-01
-1.7882842988e+08,-7.7365903865e+08,7.2169210113e+06,1.2584372184e+01,-2.3357264501e+00,-2.7179456289e-01
-1.6793824529e+08,-7.7560176843e+08,6.9813323918e+06,1.2625081192e+01,-2.1614337229e+00,-2.7353162836e-01
-1.5701417452e+08,-7.7739023964e+08,6.7443791361e+06,1.2660610242e+01,-1.9799473143e+00,-2.7502737276e-01
-1.4605910840e+08,-7.7902453988e+08,6.5060714749e+06,1.2696895525e+01,-1.8009264317e+00,-2.7654839033e-01
-1.3507512632e+08,-7.8050366514e+08,6.2664652742e+06,1.2730364229e+01,-1.6231346504e+00,-2.7807441761e-01
-1.2406368513e+08,-7.8182682691e+08,6.0256248214e+06,1.2757938883e+01,-1.4401312522e+00,-2.7944450771e-01
-1.1302800810e+08,-7.8299411871e+08,5.7835568195e+06,1.2787773198e+01,-1.2611603510e+00,-2.8085636032e-01
-1.0196919930e+08,-7.8400417654e+08,5.5403508280e+06,1.2811124207e+01,-1.0784954668e+00,-2.8215960509e-01
-9.0890068135e+07,-7.8485717546e+08,5.2960232187e+06,1.2832819507e+01,-8.9512999551e-01,-2.8340486830e-01
-7.9792854882e+07,-7.8555242705e+08,5.0506238653e+06,1.2855654657e+01,-7.1328502076e-01,-2.8460023468e-01
-6.8679134831e+07,-7.8608914712e+08,4.8042233187e+06,1.2870574482e+01,-5.2939127246e-01,-2.8576861235e-01
-5.7552076596e+07,-7.8646754388e+08,4.5568334178e+06,1.2886101312e+01,-3.4651411580e-01,-2.8688619366e-01
-4.6412921818e+07,-7.8668656509e+08,4.3085391979e+06,1.2898740474e+01,-1.6106441094e-01,-2.8787208797e-01
-3.5264576099e+07,-7.8674633746e+08,4.0593662011e+06,1.2906498385e+01,2.2813342619e-02,-2.8891683743e-01
-2.4109213518e+07,-7.8664641750e+08,3.8093657084e+06,1.2915211780e+01,2.0869942669e-01,-2.8978229622e-01
-1.2948587286e+07,-7.8638628501e+08,3.5586050885e+06,1.2919478559e+01,3.9463609784e-01,-2.9063050181e-01
-1.7859502112e+06,-7.8596610017e+08,3.3071043044e+06,1.2920670118e+01,5.7749552974e-01,-2.9154353921e-01
9.3775694649e+06,-7.8538512020e+08,3.0549461705e+06,1.2919684060e+01,7.6636653668e-01,-2.9218534166e-01
2.0538880531e+07,-7.8464363677e+08,2.8021545328e+06,1.2916061587e+01,9.5098417266e-01,-2.9294007209e-01
3.1695812233e+07,-7.8374123393e+08,2.5487868324e+06,1.2909740608e+01,1.1368934650e+00,-2.9358676047e-01
4.2846693392e+07,-7.8267770049e+08,2.2949083694e+06,1.2900899639e+01,1.3262626698e+00,-2.9406043862e-01
5.3988031196e+07,-7.8145330452e+08,2.0405391886e+06,1.2890631382e+01,1.5087557105e+00,-2.9469918213e-01
6.5118774434e+07,-7.8006736271e+08,1.7857687785e+06,1.2874544376e+01,1.6973797768e+00,-2.9510385235e-01
7.6235857183e+07,-7.7852042569e+08,1.5306204366e+06,1.2857886888e+01,1.8845163659e+00,-2.9548524757e-01
8.7336904233e+07,-7.7681222069e+08,1.2751511082e+06,1.2839333105e+01,2.0691043633e+00,-2.9587537986e-01
9.8420362026e+07,-7.7494262302e+08,1.0194320556e+06,1.2815048394e+01,2.2586851637e+00,-2.9607719576e-01
1.0948268440e+08,-7.7291217825e+08,7.6347948755e+05,1.2792385864e+01,2.4430337130e+00,-2.9633533435e-01
1.2052266864e+08,-7.7072032571e+08,5.0738303507e+05,1.2763961871e+01,2.6293644720e+00,-2.9649443638e-01
1.3153737493e+08,-7.6836765048e+08,2.5117412408e+05,1.2731602956e+01,2.8163586835e+00,-2.9659247439e-01
